simonAllier_sosie-exp;186633;133535;133428;140244;2;0;23;1478587461
SemanticWebBuilder_SWBSocialBundle;391380;89924;80810;42269;56;1;120;1534261466
dimagi_commcare-hq;240213;331581;319192;54535;221;168;145;1614704364
fuglede_github-contributions-filler;130485;32158;519;4;1;0;124;2651184517
AdrianDC_aosp_development_sony8960_q;4233761;3469109;3113923;574161;20433;0;281;1615697666
wildfly_wildfly;113913;421581;413992;73287;812;2175;155;1615389813
ImageMagick_ImageMagick;107252;150556;130151;113260;278;649;140;1615052044
bitrig_bitrig;192575;699498;31342;214009;468;69;257;1486284792
edquist_osg-twiki-backup;193297;121873;119461;26471;337;1;221;1525737809
pbaffiliatetwoop_testRepository;107488;15;2;36;2;0;20;1550201496
jritorto_csrg;108615;105577;45294;12530;120;0;183;803749754
aws-aemilia_CanaryTestOnly-DoNotTouch-ap-east-1;174863;174712;173846;31;5;0;27;1614647153
kraj_binutils-gdb;591157;905063;635616;720670;2281;2;375;1615476037
NickeyWoo_wiki;149213;152970;152006;1953;35;0;79;1612549071
donno2048_stretch-test;1299821;2920;1004;4;1;0;1;1601758169
jh3y_pic;135867;101660;100466;2;1;0;50;1609608099
rathena_rathena;111772;313480;178400;170546;991;1356;197;1614468860
everypolitician-scrapers_kenya-mzalendo;109840;116307;115786;1670;6;1;17;1521096265
wesnoth_wesnoth;226103;776034;715552;145904;554;656;210;1614188152
odoo_odoo;1172113;2299524;2181203;573478;5443;12137;173;1636348874
szhou2015_gatethree_trunk_test;262233;156444;154399;57161;61;0;58;1429115397
ansible_ansible;340231;438120;388807;113586;13167;21551;192;1615576990
babyshen_gcr.io;168735;191236;103956;23762;2;0;21;1598975473
nuvipannu_i-love-github;103606;103603;103116;1;1;0;14;1453487880
travis-repos_chirp-org-production;173195;121;116;6;12;2;50;1572491573
zendframework_zendframework;205374;456527;204954;153165;2417;1298;181;1614033066
TheMattSykes_personal-website;6833601;5508791;4022099;4089655;55896;0;299;1615782631
DefinitelyTyped_DefinitelyTyped;226570;471490;444999;166549;20788;22977;179;1615427102
geovas01_man4;173132;23213;17383;15219;113;0;116;1457572083
Ratcanal_Rafa;115730;46468;46266;370637;54;0;126;1470258480
KratosMultiphysics_Kratos;119147;240098;205197;86565;338;118;146;1614026409
Koha-Community_Koha;187421;341382;332851;71825;736;205;242;1614114295
liancastellon_jd-trunk;196953;182597;120541;85578;294;1;146;1567540021
midonet_midonet;173850;87683;86774;19729;195;81;102;1576211065
bio-repo_ncbi_cpp_toolkit;152958;174532;90566;44593;199;0;275;1486671538
triforcecoin_triforcecoin;450502;111018;110285;814;5;0;13;1578953962
radhaisme_anticlergygang.github.io;152290;330816;329329;525;1;0;7;1528281257
Homebrew_homebrew-cask;464330;396457;233650;21777;19272;6128;149;1615725549
testbed666_gcr.io;100388;190051;154768;168001;1;0;28;1605874419
uhramovich_old;134532;1;1;1;2;0;61;1609405740
infinit_elle;100894;1859766;1815337;135105;3047;41;166;1615305917
arco_samsung-kernel-msm7x30;133513;274800;76264;71935;3727;318;130;1581612404
MilJ19LF_releng-builder;119799;41733;41582;8906;228;0;78;1614642102
mamedev_mame;387698;1167921;991759;191796;969;1203;286;1615148362
MmxBoy_ELT-BOT;106223;77550;74815;15255;4345;0;71;1590689553
tootsuite_mastodon;141438;281558;218691;88699;2182;4661;58;1615683317
pequet_public-logs;832727;121983;121452;29;2;1;21;1611340272
web-platform-tests_wpt;132417;467994;288859;436603;2268;1025;174;1615586245
s1tgaming_s1tgaming.github.io;173649;4786;4770;9;2;0;29;1547513775
toxtli_deprecated;208736;1;null;2;1;0;12;1514739600
macports_macports-ports;227433;427948;292966;78363;922;789;225;1615045350
sbmlteam_sbml-test-suite;131422;66708;61832;71704;50;7;216;1603741543
marco-c_gecko-dev-wordified;547047;2462743;2118685;562386;1;0;10;1599043230
77kumiya_nju_ics;189359;92315;88541;6778;235;0;44;1613301301
chapel-lang_chapel;109837;366392;243963;329335;326;313;207;1615594792
project-draco-hr_liferay-portal;194607;398793;359816;1452586;501;0;127;1475847734
noe287_reSystem;106000;108526;107915;1025;1;0;7;1545653943
roschina_rosdoc_tag_index;158577;70080;70059;16521;2;0;39;1450994044
DasyDong_DasyDong.github.io;625683;1905862;1546962;1093937;19024;0;144;2147483648
pingcap_tidb;135450;245421;223944;38559;1029;3581;67;1615546916
ChristopheDucamp_christopheducamp.github.io;461664;79631;79199;12225;6;3;23;1543846623
keybase_client;115460;330179;291037;100608;222;874;78;1613616279
sakaiproject_sakai;114790;465735;335592;443288;568;703;190;1615382378
binary-com_binary-static;102913;8971506;8894026;2334007;293;204;82;1615456634
bitpay_bitcore;170568;308776;229311;199151;1953;0;93;1615504117
TheDimPause_thedimpause.github.io;384721;105585;105052;7651;3;0;16;1544295103
8emezzo_8emezzo.github.io;298774;298647;297208;7;2;0;8;1574797088
openresty_lua-nginx-module;149653;100943;56722;70442;1257;1767;222;1613838143
opencollab_scilab;101735;695736;689015;130260;236;54;239;1609522071
sourcemage_grimoire;126478;289567;248725;77927;138;2;185;1613467454
gitorious.org_netbsd-mirror/srcsys;130701;611305;218222;28744;122;0;211;1285039994
elastic_kibana;471159;1284766;1103286;981326;5905;5339;167;1615745323
mmistakes_minimal-mistakes;786618;2540623;2130731;1766896;17292;19196;153;1615691585
opendaylight_integration-test;157874;49295;46590;16230;359;25;91;1614616073
learn-co-students_activerecord-crud-v-000;156835;140222;123440;66176;8252;1288;85;1615234082
pbaffiliate1_testRepository;255819;171;141;299;1;1;47;1600703960
code-dot-org_code-dot-org;153221;879507;840922;224725;193;334;78;1613786726
OTRS_otrs;156878;381164;366242;38600;370;565;232;1615419208
vnfightcovid_covid19_pro;110628;45485;38880;259;2;0;7;1601389803
mlz-ictrl_nicos;145692;95399;95033;22797;108;1;133;1615032340
scikit-learn_scikit-learn;161129;228410;193194;69730;4627;21867;134;1613824860
apan1121_powerInfo;158766;502601;500697;186625;1;0;39;1615730281
yiisoft_yii2;118821;138136;86990;30614;2946;8746;152;1615610369
facebook_rocksdb;708159;1208571;816656;265884;4968;3911;249;1615295227
root-project_root;140916;374418;288222;149356;623;672;251;1614966163
phabricator.wikimedia.org_diffusion_PWBC/pywikibot;172708;90904;72482;25464;698;0;213;1614171203
lscsoft_lalsuite-archive;119815;133581;123633;15903;460;26;254;1614624231
myatt83_kuali-student;273583;368999;300316;1644414;166;0;90;1503023699
aimementoring_website;102247;4940;4897;975;21;0;18;1608617618
paranoiasystem_Hacktoberfest-fork-script;249019;203314;48080;3;1;0;1;1414656932
learn-co-students_py-lists-with-maps-data-science-intro-000;153144;110243;109766;44;2858;5408;24;1574283645
golang_go;409429;387685;305098;118043;5156;11782;158;1615250412
MoKee_android_packages_apps_Gallery2;222502;216852;161787;85990;3305;9;150;1614588888
rdpeng_ProgrammingAssignment2;456681;819457;794844;129896;127725;132960;90;1615378294
chapuni_llvm-project-submodule;749335;675001;322585;509869;1401;2;221;1571758787
roytam1_mozilla-cvs-history-subtree;253474;748140;313264;122650;789;0;203;1424785005
STRYDER-007_aosp_development_aospcaf;3524136;2062724;1167222;1113160;18990;1;340;1616025969
ikasunsa_www;245279;154997;558;1;1;0;12;1558942148
spring-projects_spring-boot;447576;1531031;1447635;396767;13519;0;205;1615657699
edom_eclipse;1267598;1472366;1071812;689104;1166;0;239;1615439807
cockroachdb_cockroach;130093;454315;387960;86119;688;2219;86;1615244304
dockercore_tools;442493;442495;440369;6;2;0;4;1608622047
git.kernel.org_pub_scm/public-inbox/vger.kernel.org/lkml/5;379561;379561;377781;1;6722;0;19;1517433266
ppy_osu;100909;229274;227988;25740;697;1328;68;1614779004
babburra_CS-125;230558;621;545;1159;4;0;6;1462319282
appcelerator_titanium_mobile;129027;164305;127927;108425;649;1457;142;1615330161
electron_electron;113117;189327;172482;30167;2344;12030;97;1614991832
moodle_moodle;577835;1262180;946071;680795;3185;4697;239;1615589040
jdzs1_b;119320;108850;16457;1;10;0;11;1569312369
repo.or.cz_netbsd-mini2440;214215;800568;513841;189086;364;0;218;1305659072
spiderworthy_linux;495786;1171707;701467;84526;1;0;2;1044373657
crowbar_ci-tracking;153781;100080;98371;177831;1;2;17;1397693783
Alfro_illacceptanything;168998;452817;379602;446757;624;0;698;2147385600
gentoo_sci;370052;1036580;739862;216930;499;97;186;1615540839
STEllAR-GROUP_hpx;139967;1593816;1266439;910225;25003;359;157;1615142261
zeit-github-test_github-e2e-tests;115705;115375;114852;8;3;0;18;1594078893
benhager_benhager.github.io;215529;17543;17392;1316;1;0;12;1523824255
liu76874151_appsuite-middleware;107542;725065;704044;91346;106;0;179;1615368863
material-components_material-components-web;206580;736279;618192;425325;7184;2388;162;1615599038
nlucas2_BetaStampWebhooksTest;102875;97898;135;130;4;0;31;1614495708
dwillis_randpaul_donors;150824;301642;300224;245;1;0;6;1456242795
daattali_beautiful-jekyll;455657;1298584;995827;945897;10882;13009;130;1615575372
scriptzteam_BitCoin-MemPool-Fees-v.1.1;344827;1034402;1029423;4;1;0;10;1551022022
apache_beam;122036;337022;331172;306028;1493;2498;78;1614624238
mehrnoushmalek_flowDensity;243170;609;607;254;1013;3;218;1562959549
ARMmbed_mbed-os;151216;357937;324890;174592;2251;2166;136;1615238035
project-draco-hr_consulo;102495;644232;279760;1523192;209;0;145;1478559368
DragonFlyBSD_DeltaPorts;286025;90880;87145;46371;32;22;101;1614080893
OSGeo_gdal;318888;154182;147688;26420;745;1054;269;1613926820
php_php-src;346321;463173;410402;64065;2463;9331;264;1615617537
Plailect_Guide_3DS;138600;77147;76199;14227;238;27;61;1615448239
kyle-barker_London;236032;null;null;null;1;0;38;1588158000
brad-lewis_openzfs;184826;550960;432848;287680;3323;0;215;1614805487
usukhbayar-boop_PLS;109398;590008;455915;245715;13364;0;60;1615427501
bitbucket.org_jeroendr_meat-demo-deployments2;953886;953543;948876;99;44;0;85;1613439490
stevezg_weirdflexbutok;110026;89302;189;7569;1;0;242;1556737800
git.kernel.org_pub_scm/public-inbox/vger.kernel.org/lkml/2;455366;455366;453195;1;11660;0;47;1902445479
wertklop_intellij-community;528732;1245943;1195699;396840;1677;0;197;1615654831
git.kernel.org_pub_scm/infra/transparency-logs/gitolite/git/0.git/;402913;402913;401043;1;1;0;87;1604158740
sandsmark_scp-wiki;326003;250718;242706;14658;10816;0;146;1596100443
dingpengyu_screenReaderTranslations;174568;99345;77970;152213;168;1;115;1542357066
mantidproject_mantid;141577;433334;427409;63932;240;98;164;1614594209
linux-mailinglist-archives_linux-kernel.vger.kernel.org.0;350000;349987;348351;1;7622;1;17;1585822263
unicode-org_icu;203206;322169;244866;122044;258;241;260;1615227945
alrieckert_lazarus;254555;196297;134176;334762;108;151;249;1615397261
mrkrstphr_illacceptanything;669424;1613383;773826;630381;19955;318;698;2147385600
freenas_freenas;105070;141274;113624;57197;256;385;178;1614806731
Yankkk_Simple-JAVA;154610;711;564;1260;3;0;5;1399518922
openssl_openssl;142300;368515;303889;189902;2454;6118;269;1615553368
gitlab.freedesktop.org_mesa_mesa;1806050;836798;817380;182015;2255;0;271;1615285942
mmbase_mmbase;243695;121302;117035;1438903;93;0;188;1572704722
DHBW-sWIm_docker-vtiger;179594;191226;180301;13969;12;0;14;1579343931
Dolibarr_dolibarr;127922;464694;416377;116564;764;1409;227;1615024259
jakch79_test-src;147901;531828;1432;114962;314;0;220;1388855457
0xbzho_onename;402027;135461;135414;65806;null;1;9;1476793542
GregorStocks_0.1;123270;null;null;null;1;0;96;1614518160
regforums_Synchronizer;227766;825;814;554;6;0;3;1553511671
intermine_intermine;129964;152613;137854;66400;129;358;228;1613150473
CGAL_cgal;114655;359456;351430;115946;369;759;299;1615549754
git.kernel.org_pub_scm/public-inbox/vger.kernel.org/netdev/1;173756;173756;172875;1;5484;0;29;1583962868
samuraitruong_cm-spin;121652;4164;4112;110;4;0;17;1615334874
vaughan-rich_gitfiti-wall;162604;17;15;5;1;0;25;1602586800
elastic_elasticsearch;342634;976111;955747;159420;4468;15721;134;1614469026
jimkang_land-of-contrasts;184964;144595;143753;68112;1;0;20;1565741004
repl-electric_sonic-pi-history;186931;142403;141762;98;2;0;35;1536502039
gwuhaolin_adbot;180166;180182;179318;23;1;1;6;1529325334
kiang_TainanWaterMap;139088;680795;677673;21;2;0;33;1579590615
saltstack_salt;272213;228973;224790;20367;4193;5898;122;1615728025
phpbb_phpbb;111457;143134;119997;61585;622;893;241;1612738066
tmtmtmtm_armenia-assembly;131517;222475;221391;1481;3;0;25;1539240238
cdnjs_cdnjs;136418;1630542;708601;8038298;3710;5735;139;1615530049
kerim_microblog;208735;15084;15008;2512;1;0;11;1544411182
ghthor_insync;195076;256321;255714;9;1;0;4;1538010324
alexandruchirita4192_MqlPersonal;353946;1113;998;237;168;0;75;1519171488
dathox_newpascal;150056;188393;64994;541220;68;0;191;1614893713
dreamsxin_zabbix;279421;143672;58;18199563;59;0;186;1470731186
lvotypko_javatest-report;135471;3215;196;3286;339;1;89;1421745665
jelmer_subvertpy;103383;130608;104299;7152;469;12;191;1614964122
xheomar_xheomar.github.io;155372;183298;182094;210;2;1;53;1576322334
sunnyden_reactos;474846;373275;6620;5006871;128;1;229;1500305260
earl-ducaine_brl-cad-svn-follow;140604;260402;1888;1296057;98;1;428;1572906502
nicopeters_sigrhtest;1101716;47407;47177;23509;1;0;37;1559195879
git.kernel.org_pub_scm/public-inbox/kvack.org/linux-mm/0;272227;272227;270966;1;6910;0;272;1583965261
surmon-china_nothing;423993;37;30;12;1;0;8;1493047575
mleoking_PhET;297151;279374;257085;809280;33;4;165;1512751755
sugarmanz_ctypeslib;102589;156;null;112;202;0;234;1263745557
s7ephen_PrivacyChanges_Public;113209;156606;154904;3115;5;7;2;1442531846
geos4s_18S856162;146967;9295;9271;7;1;0;6;1543086648
LibreOffice_core;1455707;2318798;2171553;448312;2050;386;246;1613828349
ClashProducts_wordpress553;242595;143013;4473;692672;96;0;215;1612204623
zh99_www;181901;160503;154632;1;2;1;12;1557764215
alexcb_dumb;340944;null;null;null;1;0;1;1557719363
micahyoung_citibike-data;109443;189181;178859;109218;1;0;38;1511883905
emilianbold_netbeans-releases;1041925;1062871;953237;201289;518;11;248;1602578168
kszr_cs225-fa12-mp7;102786;252;246;48;6;0;5;1356074829
download8866_Tortoise-SVN;112171;116610;53989;607820;158;0;195;1558023500
marcelstoer_nodemcu-custom-build;328271;286203;284953;37;134271;7;72;1615699269
Unity-Technologies_ScriptableRenderPipeline;109285;365155;349420;193632;486;792;68;1615536905
gitlab.com_lfagundes_tiki;161241;294768;245541;176618;333;0;187;1524570376
ConstipatedNinja_IPMI-Temperature-Monitoring;238293;6;5;5;1;0;14;1525190400
petervandivier_link-breaker;100002;99999;6;8;1;0;1;1597416167
sahil28297_erpnext;146699;387865;346594;127947;1319;0;118;1615465172
git.kernel.org_pub_scm/public-inbox/vger.kernel.org/linux-fsdevel/0;175486;175486;174650;1;6628;0;220;1583949602
object-logics_isabelle_para;193070;196448;185988;11983;94;0;330;1613247593
5d2_images;422931;419831;394721;420960;1;0;8;1613615011
coreos_coreos-overlay;366191;1739910;1722136;1178453;2830;271;138;1615526348
tcltk_tcl;168370;109436;99265;3717;145;84;276;1613719252
rayjim_boost;368200;515139;2080;4712421;327;0;162;1385197990
collective_plonetheme.earthlingtwo;1749083;1725;1503;4266;1048;0;174;1591798931
bitbucket.org_atlassian_atlaskit-mk-2;103352;280651;278495;70949;520;0;47;1583192270
duaneking_metrics;245751;245751;244564;15;1;1;123;3541233629
gem_oq-engine;160234;136877;132667;28930;144;156;129;1614761899
gitlab.com_iabak_shard3;101969;4646305;4641658;1124013;98;0;28;1499041710
evileval_wooyun-image-2015;162993;161627;25215;164539;1;1;3;1545619299
apache_ignite;163040;852864;836773;87815;757;1557;102;1613851253
jeffrey-hsi_icu4a;225276;210296;9984;6409553;109;0;208;1479777131
Waffiliate_repoForSynch;121675;32;4;147;1;0;30;1615429223
ISTweak_android_bootable_recovery;284031;348045;179431;166645;6216;0;152;1615063386
mycila_license-maven-plugin;174717;19990;5852;52928;181;66;164;1602555738
Landslide-Analytics-System_Raw-Data;161164;156654;156653;496966;2;0;2;1608225640
repo.or.cz_dnsmasq-china-list;119539;119628;119076;42;96;0;93;1613744806
kkjeer_bot-test;101985;89;80;64194;6;1;29;1614038627
easybuilders_easybuild-easyconfigs;100580;130017;128802;42954;716;310;109;1615465857
rbm01_OpenBSD-src;212076;824531;122995;181475;279;0;304;1609565809
ruby_ruby;304493;412273;343013;170428;2525;5804;294;1614644543
mozilla_bedrock;210012;480829;432203;132463;1966;1076;170;1614687676
dongli68_m;107588;107375;106863;8;2;0;13;1469503220
rmiguelito_zimbra-mirror;250658;653545;565948;103407;70;0;135;1445029018
feedarchive_freenode-newsbot-live;220085;219896;218865;219052;1;0;10;1615079717
joyent_pkgsrc-wip;107981;318038;276691;84870;906;44;216;1614375672
gitlab.com_gitlab-org_gitlab-foss;817923;1345256;1245730;271704;7949;0;130;1615259848
marcomow_testkeklv;146662;564;560;312;1;0;8;1538210776
jyc99_testv;868336;868326;864215;21;2;0;17;1541147163
repo.or.cz_vdsm;122335;135561;135069;20676;291;0;121;1613573712
tork-a_jsk_3rdparty-release;101649;59459;57522;985;2;1;24;1599631394
CalvinFernandez_testgit;1007240;1007238;1001892;4;63;0;4;1568077388
LambdaSchool_Graphs;126144;258694;186967;213838;3943;1170;44;1615521070
Kitware_CMake;559319;2091193;1915850;513314;3317;1812;327;1615472598
symfony_symfony-standard;129523;579374;351345;384053;2682;1934;216;1615480531
tmtmtmtm_mexico-diputados-2015;344153;348924;347225;1565;5;0;28;1536896142
Phantom-Blue_phantom-blue;274093;832395;648143;493817;4786;0;82;1615518264
catapult-project_catapult;111597;104029;57590;53742;1148;536;108;1612303860
schlos_croatia-parliament-archive;486619;729517;726062;2156;8;0;32;1546406525
ophobe_trending-youtube;106239;103262;102760;105727;null;0;40;1592485305
OriginProtocol_origin;290630;725665;606383;342149;11045;84;144;1615604393
papyri_idp.data;131544;5176971;5169528;451485;795;27;147;1614633557
0vn_gitb;288826;342;36;10;3;0;62;1608628500
citp_privacy-policy-historical;2142998;2142991;2132861;261015;4;0;265;1597437090
gitlab.com_quicla_platform/external/v8;1024498;961305;777276;311348;3118;0;192;1614225535
koding_koding;113523;215949;142826;140398;150;426;83;1541440492
gitlab.com_nextcloud_server;316536;839913;698816;183407;2329;0;222;1614872767
rust-lang_crates.io-index;380544;352659;351357;56108;26;88;76;1613962619
Bluerise_openbsd;172984;628476;47539;119469;347;1;250;1468192008
jasoncalabrese_indy-e4;113028;111572;92540;35;1;0;4;1465380884
cms-sw_cmssw;1079493;1715870;1525371;1052439;4816;3011;205;1614973775
avar_2015-04-03-1M-git;1000450;3371532;3353419;221691;3;0;3;1429106984
regro_repodata-shards;171044;2688365;2686694;917203;3;0;8;1615005538
gentoo_gentoo-portage-rsync-mirror;332969;10812562;6749143;629924;43;65;96;1607680827
JohanSmet_udacity_carnd;247264;6126463;5854646;9433118;9004;0;74;1614964532
openstack_horizon;177459;318379;289242;121959;3367;1386;124;1614485987
repo.or.cz_docutils;118130;22593;11125;50537;169;0;219;1613217670
ywei2015_myproject;103429;4593;3659;5046;74;1;35;1502961151
NervanaSystems_ngraph;342200;505922;443223;17486555;2398;231;240;1614342380
guardian_frontend;141205;235220;218888;75655;338;647;109;1613732125
Aman1531_redesigned-broccoli;165291;89286;218;7443;1;0;240;1546238100
saby_Controls;181849;233638;231651;40621;309;1;79;1615569679
openbsd_src;702471;846493;146361;186331;732;495;306;1615320314
kmtos_DataFormats-JetReco;123679;168738;90279;29018;518;0;111;1370945102
openstack_neutron;251038;380534;371595;82680;2346;1407;124;1614790966
FusionPlmH_dead-block;130763;140880;140243;170;1;0;7;1614203762
nya3jp_tast-tests;271101;102683;101894;33250;514;1;43;1614196751
gelstudios_gitfiti;519236;10083;8874;75;83;690;82;1611696589
anongit.kde.org_calligra;118376;614220;357309;104055;611;0;276;1614642501
rashadkm_grass_cmake;190261;101940;437;34680;159;0;234;1555945522
me-stevens_gitbanner;116520;1;null;1;1;0;226;1997541306
cunzhen99_free99;106731;106008;105293;1;2;5;30;1592098426
Killoso_autocommit;377264;24;22;3;2;0;1;1568496955
batchpause_PAUSE-git;113587;137923;137245;2;null;0;109;1615576641
oroinc_platform;190659;533405;441362;233240;711;217;100;1614978951
dotnet_roslyn;131213;584109;577792;83454;944;3384;85;1614497697
biorealize_biorealize.github.io;102412;98391;98011;61106;10;1;32;1606162757
learn-co-students_js-basics-variables-lab-v-000;192262;128279;121609;7909;9552;841;58;1615246396
racarr01_racarr01.github.io;122634;115530;115005;23;3;0;20;1581257774
sipwise_ngcp-panel;133326;42141;40762;8858;57;3;98;1613729980
tmtmtmtm_afghanistan-assembly;161420;298550;297040;629;4;0;26;1540249277
ElderDrivers_Repository-Website;201118;1404;1345;129;3;13;27;1615331414
Froren_vigilant-garbanzo;591550;null;null;null;1;0;215;2066810074
randallho_laughing-barnacle;115830;null;null;null;1;0;208;2047031777
nodejs_node;241944;1033892;353512;693511;6500;20182;149;1614062740
bitbucket.org_cybershadow_d;231541;32701;32692;8;159;0;156;1598528772
tmtmtmtm_mexico-diputados;226285;227269;226200;1010;3;0;24;1536842347
scm-ninja_starter-web;123096;83218;80714;5487;8158;11331;78;1613691593
ravendb_ravendb;115893;376259;362227;90889;1382;965;187;1614339772
jthub_ega-file-transfer-to-collab-5-jtracker;273104;365056;349681;629073;3;0;4;1504014994
Securonix_AttackSimulator;195688;5410;2720;8700;82;6;103;1535728889
angular_angular;132283;519362;470760;134546;3833;19246;83;1615588403
greedyboy_blogBak;109481;100009;98190;95739;3;1;26;1605058271
bitcoin_bitcoin;805194;4992036;4609561;764243;11290;35159;139;1615531319
devopscripts_jenkins;122533;122533;121936;6;2;0;4;1533105723
invent.kde.org_system_dolphin;346192;878468;730196;128804;1800;0;288;1615220759
crawl_crawl;146730;302171;288925;57776;669;612;216;1615745680
OpenSpaces_OpenSpaces;127151;36421;24213;10476;96;5;175;1415100783
freebsd_freebsd;17053674;3665838;2860153;5031274;3274;2338;500;1694373826
PrestaShop_PrestaShop;164091;395807;275782;132506;1841;4211;148;1614246247
laravel_laravel;245153;1234913;675259;1575952;7363;25578;139;1615296682
sourceconnect-testing_connection;122448;122335;121726;2;1;0;30;1615178237
varunsridharan_fun-automated-commit;110425;110422;109891;494;1;0;1;1594255096
dolphin-emu_dolphin;182050;388440;339598;75176;1631;1833;153;1614941395
JuliaLang_julia;168312;972076;963453;33176;2026;4753;140;1614176919
wikimedia_parsoid;337850;212443;191619;66330;547;45;114;1614153142
salsa.debian.org_security-tracker-team_security-tracker;187512;174754;172800;533;213;0;191;1598736033
smaslennikov_whattimeisitrightmeow;286908;198295;196959;9;11;11;8;1523647682
yaseenagag_gitsploit;285046;138350;7417;15624;1;0;372;1893442140
eigenteam_eigen-git-mirror;450054;56427;47971;18531;585;548;167;1614467665
carolmanderson_academic-kickstart;964230;2497832;2033634;1674882;21412;0;122;1615755443
MicrosoftDocs_azure-docs;940810;1175987;1136049;294599;11351;9272;109;1613781284
haiku_haiku;107181;307665;250652;105560;440;308;224;1611598612
urho3d_Urho3D;198724;285109;210518;132454;969;976;254;1614599374
opendaylight_ovsdb;312097;104800;104028;22574;293;32;92;1614036598
alpinelinux_aports;168674;194292;189679;43973;1346;853;155;1614217836
nuxeo_nuxeo;174922;768383;757652;141095;250;244;157;1614332044
StackedCrooked_coliru;153918;141515;139364;456698;4;6;69;1607718159
BVLC_caffe;114365;1102323;818241;950159;5259;20010;102;1613613912
git.kernel.org_pub_scm/public-inbox/lists.infradead.org/linux-arm-kernel/0;637859;637859;634728;1;6433;0;119;1551297945
avsm_ocaml-ci.logs;4283368;47019;46661;473;1;0;1;1482549267
tmtmtmtm_nigeria-national-assembly;256789;260491;259225;2012;6;0;28;1538396043
fuel_core;179601;639088;412395;448026;3109;555;153;1614864545
laravel_framework;125335;243887;191072;55782;6932;10688;119;1615025737
labzero_lunch;192846;942901;630176;1082365;7637;5;126;1615514497
supershell2019_conf;535671;277196;276207;27;1;0;18;1610630101
OPS-E2E-PPE_E2E_DocsBranch_Dynamic;156331;58581;57936;2614;35;10;49;1614078135
mad-science_25445;200001;32705;null;1;1;0;1;1461699129
dspinellis_linux-history-repo;179968;469318;467430;48290;6921;1;1;959130900
mozilla_gecko-dev;6487706;10404110;9467420;7447069;9764;1622;278;2125132917
SAP_openui5;107377;347787;341614;43997;565;1102;111;1614347313
kszucs_crossbow;102299;97876;97486;38970;8;0;33;1610693383
zm9913_maven-db-plugin;180530;108533;108036;119;3;0;28;1368640729
fossgis_www.openstreetmap.de;223735;58668;29986;43826;349;1;133;1490446666
francocorreasosa_commiter;886922;10513;12;3;2;0;1;1425847737
oracle_graal;1646390;3561769;3282776;997058;4200;827;287;1615454283
weather-ko_weather-ko.github.io;135626;20625;20551;22932;3;0;3;1614106824
eclipse_jgit;300680;214376;196143;56007;656;527;177;1614470297
pk-codebox-evo_ide-eiffelstudio;194489;413457;23185;5606601;182;0;281;1468946792
firehol_blocklist-ipsets;230217;4268510;4222060;9011;9;205;19;1576391416
sujitroy_X00TD_aosp;2353982;1652175;1366501;504297;15607;0;175;1615553049
Nexedi_erp5;100622;362295;350042;184090;126;38;209;1615472612
kraj_glibc;317576;475683;408117;310007;1627;4;378;1614889945
Sarybe_ThumbnailTooltip;116324;33716;9236;22735;110;1;161;1471839210
DojoRally2019_DRW;370104;370105;368409;2;1;0;1;1573990048
spacewalkproject_spacewalk;143412;342986;335241;79040;416;276;160;1614274765
jasoncalabrese_indy2d;244496;319411;268250;51;1;0;10;1488527181
ARMmbed_DAPLink;302827;767952;556407;621241;9481;416;103;1615295247
g0v-data_mirror-minutely;640051;2224914;2212186;6;null;0;26;1582928104
git.kernel.org_pub_scm/public-inbox/vger.kernel.org/lkml/0;570488;570488;567749;1;28756;0;118;1220603171
supermobiteam2_Tizi;859359;849312;845373;16;2;1;34;1615295716
devkitPro_newlib;160305;437267;319531;180085;6012;7;324;1615643842
apache_spark;376767;936352;784285;393623;6670;22265;137;1615529866
roytam1_mozilla-cvs-history;277517;805525;339424;130647;860;0;206;1429114543
user135711_jdownloaderClient;108180;2053;1030;701;288;0;132;1531411432
gitlab.freedesktop.org_xorg_xserver;244388;496650;437565;71819;3374;0;285;1615266160
EricLindemann_CSCI-4308-Open-Sources-Data-Analytics;107521;76748;70842;12116;10;0;9;1462604641
Homebrew_homebrew-php;190947;262593;225463;62572;8066;918;217;1614634698
gitlab.com_fancycode_mirror-opalvoip-ptlib;171637;29569;28586;8483;49;0;317;1581786494
qemu_edk2;110023;319680;179051;206219;1315;0;180;1614924887
ampproject_amphtml;129627;198131;194871;24135;2213;3352;92;1614725653
hedgespin_sensor_data;151999;280173;278901;13;2;0;27;1615584249
raytapan_mgm-ice-R22;130283;596;470;1268;128;0;124;1565197166
ssbattousai_Cuda12;126995;1832312;322227;840417;1;0;3;1463188911
octopusinvitro_gitbanner;116520;1;null;1;1;0;226;1997541306
bpeabody_mongo;883949;1289958;1284153;126253;1;0;1;1483610712
google_angle;420133;256835;223444;47545;822;381;133;1615604341
archlinux_svntogit-community;2639228;832449;638944;532923;2291;0;167;1615266261
jthub_ega-file-transfer-to-collab-3-jtracker;366864;469817;458131;863121;4;0;7;1513185011
ckeditor_ckeditor-dev;112251;321008;222148;76654;1216;1489;148;1615232083
gitlab.com_szzdlab_djy;146728;74734;74408;21403;54;0;5;1582008589
wking_swc-boot-camps-v2;250309;471417;417314;215925;6567;0;130;1615232229
cp2k_cp2k;115844;161532;123730;54406;223;151;237;1615756876
prestodb_presto;133653;451972;437678;266521;1731;2788;128;1615499055
Netw0rkLan_AsteroidTrackerService;124633;16215;16159;24;3;0;102;1604188885
jgallagher59701_DAP4-schema;113029;6150;4421;8562;55;1;251;1466026636
LineageOS_android_frameworks_av;1451851;824220;775067;296494;9736;328;229;1615326539
zteeed_Github-Drawings-tmp;141382;141380;140712;8;1;0;16;1558906105
camille1113_cs126;271520;11233;3126;27253;12;1;11;1494267641
git.kernel.org_pub_scm/public-inbox/vger.kernel.org/linux-media/0;176685;176683;175802;2;8433;0;148;1583933550
spip_SPIP;122968;152562;96673;64776;160;36;229;1613869746
trilinos_Trilinos;337953;541202;472132;154030;608;337;273;1614007071
ingenue_hunter-cache;218542;41590;41086;310680;3;1;42;1560988454
topcoder-platform_tc-online-review;1585209;21702;16431;600142;401;22;193;1604307934
boostorg_boost;925992;632670;190185;437090;688;0;250;1615284903
everypolitician-scrapers_korea-assembly;328024;337107;335505;1277;3;0;25;1538922353
zephyrproject-rtos_zephyr;178027;334328;296316;98438;2059;1989;86;1615561087
pequet_alts-retracements;179984;96409;95966;60;2;2;28;1588106721
kuali_kc;106833;321984;285379;136539;209;79;138;1536695639
jyin0813_OpenBSD-src;515296;491682;5713;108701;288;0;200;1336567855
Waffiliate_repoForSynchOut;116793;53;12;108;1;0;30;1615602550
apache_camel;153448;820158;807569;118692;1422;4199;168;1614332766
apache_subversion;162511;164874;159098;34528;299;155;253;1614100115
bcgov_dbcrss;193128;1235236;1229587;176;9;8;50;1599145814
jakirkham_feedstocks;105816;130388;129708;12114;14;0;63;1614610371
xavivars_apertium-es-ca;117796;835;67;92;299;0;102;1433157798
hannesmuehleisen_MonetDBLite-C;101467;257367;99618;58100;102;8;221;1553719844
eclipse_sumo;117344;467638;423188;207407;235;371;223;1615547128
raspberry-commits_bedroom-temperature-api;228635;228627;227548;1;1;0;12;1613980923
gitorious.org_pkgsrc/mainline;155126;454014;410011;92142;241;0;142;1241591650
daedroza_aosp_development_sony8960_n;2934971;1798332;1497475;511521;20403;0;286;1615394910
xanderself_one-million-commit;1000000;null;null;null;1;0;1;946681200
s4l1h_mmc;266478;265334;264052;17;1;1;10;1411251246
OpenDataSpace_jlan;184253;11261;3218;12602;113;6;160;1606993252
hmcts_cnp-flux-config;193719;185220;184541;132129;350;3;25;1614169867
google_skia-buildbot;209744;121755;114886;27028;173;48;112;1607233671
apple_swift;623231;1712868;653238;223255;3408;8342;238;1615561442
marco-c_gecko-dev-wordified-and-comments-removed;547026;2334280;1877255;540092;1;0;10;1599042893
joegen_opalvoip-opal;107548;45518;26264;27318;44;5;216;1585282817
State-College-Plone_Products.IstTheme;155627;7226;6830;10045;111;0;118;1422659112
gitlab.com_aosp_test2_mirror/superproject;109591;230175;166557;1793;2510;0;67;1613389019
python_cpython;1019875;553314;498118;298979;4041;17405;368;1615640974
pcaruana_BD;804638;1161;6;4229;1;0;9;1584455748
Enlightenment_efl;107159;253192;205210;48759;605;33;244;1613622184
freebsd_freebsd-doc;294280;229124;186621;217132;2347;129;312;1614271233
apache_jmeter;115443;87012;84677;27037;330;1362;256;1613073216
gitlab.com_quicla_kernel/lk;106661;89679;71982;32827;2216;0;211;1614214327
I2PC_scipion;106885;90887;72810;48868;162;51;225;1613148600
ros-gbp_ros_comm-release;119995;73556;64534;5396;14;5;54;1604340279
gitorious.org_openoffice/mirror;263904;423985;304449;71374;181;0;114;1265035686
PX4_NuttX;125026;367259;288844;151233;1100;619;169;1615000759
apache_maven;202738;302705;284602;180159;1127;1829;210;1614692764
tmtmtmtm_belgium-lachambre;101521;106347;105817;367;3;0;25;1539314058
everypolitician_everypolitician-data;428964;929579;927013;15156;24;40;71;1613993651
ssbattousai_Cuda15;115429;1783087;538616;832069;1;0;3;1463189026
FentonA_scatter;380825;1;null;2;1;0;7;1547053200
cld378632668_utils;124303;63961;63476;354;3;60;9;1532706734
agrosner_DBFlow;868697;1781623;1650004;814769;12645;266;175;1615466797
WangKiven_android-development;219405;58165;44122;64640;2030;0;150;1613352087
gatsbyjs_gatsby;117050;254180;198139;87096;5421;8931;198;1614980833
trattkantarell_src;703444;935844;536368;118339;340;0;224;1400502893
weiyeh_OpenBSD-src;150568;539554;9760;115250;321;0;220;1390627284
cirosantilli_test-many-commits-1m;3200095;12962;12951;12939;8;11;9;1601987987
fink_fink-distributions;218359;207823;68933;112804;117;30;226;1614838892
flushbeer_waka;153010;6;4;6;1;0;13;1438401600
jruby_jruby;107925;290747;240600;193859;751;1084;230;1615467648
sakaicontrib_certification;1182330;2720;2679;799;399;14;156;1579200325
acquia_blt;241576;1217570;554024;1706633;2221;397;144;1615221247
jthub_ega-file-transfer-to-collab-1-jtracker;188127;292529;291808;603044;6;0;10;1517854432
ncatlab_nlab-content-deprecated;105753;130033;129561;51399;1383;0;2;1505512802
DeachSword_MiniFun;210038;31300;31107;734;4;4;14;1531281815
git.kernel.org_pub_scm/public-inbox/vger.kernel.org/linux-bluetooth/0;106508;106508;106018;1;5385;0;213;1583914071
ILIAS-eLearning_ILIAS;150550;324247;264988;113140;420;191;225;1615293267
refade_refade;243186;192794;175684;243183;1;0;4;1558303867
fuchsia-mirror_zircon;167632;721647;664501;213494;1033;237;74;1614784184
LineageOS_android_packages_apps_Trebuchet;876726;727120;603073;210406;5274;116;253;1614994262
tencentyun_qcloud-documents;205006;264842;263926;70384;1080;1130;57;1615539134
qmk_qmk_firmware;195180;322521;271713;249981;8302;11921;146;1614929570
OpenVPN_openvpn;133875;1352011;262564;2766899;473;1956;220;1614339489
llvm-project_llvm-project-ng;615039;1301190;286015;488104;1232;0;209;1539381600
wmshort_latinwordnet-archive;175526;6863;6840;28522;4;0;20;1613935425
surli_backup-experiments;481795;4977528;4236261;1195229;11747;0;270;1615697279
ocaml_ocaml;111426;323146;313051;53416;1391;792;311;1615091028
UCSF-HPC_wynton-slash2;156359;54816;54775;2;2;0;27;1613693402
AnnaLut_abs3;134193;79499;72842;244361;146;0;59;1559658318
jasoncalabrese_indy-e4c;184828;246511;226924;29;1;0;9;1508081850
openfoodfacts_openfoodfacts-server;142113;105256;103844;38656;125;137;78;1614967954
salsa.debian.org_users_joeyh_d-i;132822;370384;68490;620402;507;0;102;1230764143
wikimedia_mediawiki-extensions-Flow;101448;50909;50526;10866;338;3;94;1615189579
opendaylight_controller;232280;115818;111525;24871;317;329;97;1614242018
pagure.io_launchpad;145154;324940;322783;26605;262;0;201;1613493086
scummvm_scummvm;206398;498964;486093;62831;746;697;233;1613785822
git.eclipse.org_r_tracecompass/org.eclipse.tracecompass;178270;132303;98050;59524;112;0;142;1612969892
bitbucket.org_mukolwemike_crims;1582943;101070;89858;117936;36;0;55;1582703786
ocaml_opam-bulk-logs;165326;2405648;2394609;57432;1;0;7;1412380463
m1ha5_testing;109054;218064;217041;11;2;0;3;1569667585
Juniper_contrail-controller;171474;150679;144306;29432;495;387;91;1614245393
jyknight_llvm-monorepo-old1;281837;875019;null;509053;847;0;192;1495818315
jbosstools_jbosstools-base;113277;239851;164612;1233891;188;70;195;1612380549
salsa.debian.org_webmaster-team_webwml;344507;489195;167772;92042;463;0;266;1598733185
Homebrew_homebrew;591447;268409;220452;55085;14710;4614;171;1614880585
samuelc624_sp17;150251;600;401;1030;12;0;4;1493578972
barryclark_jekyll-now;4258466;14217266;12646153;8431238;100360;60483;201;1615652770
pmn4_heroku-buildpack-rails-node-python;117461;467585;252953;610667;6743;0;119;1614803059
jthub_ega-file-transfer-to-collab-4-jtracker;273163;359880;349078;611755;3;0;6;1504399490
pohly_chromiumos-overlays-board-overlays;160274;170784;169473;22262;694;0;115;1564642601
project-draco-hr_platform_frameworks_base;252532;374474;366603;1007045;2042;0;98;1477506457
starseeker_git_conv_test;142069;328505;290518;194367;74;0;428;1572031440
joker-eph_clangllvm;205070;413533;9;35150;475;0;154;1396044259
luci_luci-go;150838;87191;85883;17318;218;30;76;1614553310
Lauwenmark_crossfire-server;155509;148993;113937;307186;67;0;252;1591388529
usehotkey_counter;1000001;1000003;450476;2;1;0;1;1511248623
dotnet_corefx;387561;925780;767383;349255;3144;6858;238;1615668027
gitlab.com_Ponce_slackbuilds;131006;400969;368859;117715;1358;0;158;1615023734
uzair1990_SVN_BackUp_S3_Artifacts;1008330;342200;88601;904437;41;0;33;1486712633
topcoder-platform_tc-website;460899;153071;150472;8685966;254;11;218;1568038283
roatis2_CS225;215714;914;430;1927;9;1;7;1494572127
alowell_cosi_monitor;137522;284175;282881;30;1;0;4;1413824663
leigh123linux_mplayer;133163;72701;29416;33822;145;0;217;1544888304
onegrit_Magento1.9;167955;30582;1;27308;9;0;66;1400171991
TheDaedalusCrew_Daedalus-of-Freedom;1027269;2770594;2702875;293664;6457;7;131;1615718093
mjdescy_mjdescy.github.io;182624;23491;23325;1486;1;0;12;1544215134
ad-m_wordpress-i18n;363023;259;5;83;183;0;154;1510031535
ebezault_EiffelStudio;270335;417353;277359;194951;226;0;323;1576754142
guadguadt_up;158690;97537;97042;9;1;0;17;1594117586
kiegroup_drools;190929;636376;557634;496526;1181;1223;184;1615564757
miksago_icecast;154691;8725;1272;10160;126;0;187;1420320747
RhXKGxbwQHmTREDU_test;155413;38103;37947;2;1;0;7;1586877848
PX4_Firmware;168999;364010;273803;243694;2261;10072;169;1614115827
apache_lucene-solr;284694;966012;937781;476407;1192;3438;235;1614990405
DragonFlyBSD_DPorts;436789;782124;127386;215432;18;31;102;1615443116
EFForg_https-everywhere;115456;153177;136693;90893;1466;1539;128;1614094121
yedaoq_icu46;669452;43025;263;82301;2339;0;75;1467724320
pawohl_studip;111626;221930;75;119203;88;0;189;1518425667
0532_HT-Contributions;107206;65079;44922;42;1;0;48;1514000135
macvim-dev_macvim;145154;224538;180912;65353;2328;659;234;1614604454
GreatFruitOmsk_pyobjc-mirror;147239;56843;46673;26801;39;0;202;1615024266
niceirene225_bot2;353723;283975;281943;20;80;0;23;1615404602
Rogaven_Netbeans;139990;487637;21304;114214;565;0;127;1249064822
demisto_content;130035;150404;147344;51906;647;315;57;1615319944
sunwookimiub_test-results-analyzer-plugin;102081;1338;1167;1519;34;0;5;1449629608
mtn_cocoa-eh-hugo-theme;118672;416410;246888;447365;2566;140;68;1615342962
jasoncalabrese_indy-e3;118021;83671;79026;42;1;0;3;1459707212
eea_Products.EEAContentTypes;800253;47026;44173;651216;109;1;236;1612380506
rabbitmq_rabbitmq-server;153763;292511;241124;41630;2331;2965;200;1614984957
va1entei_retdec;215333;107377;106803;214099;2;0;4;1591338149
dotnet_cli;112109;227739;201682;47951;849;1415;91;1615400999
cshore-history_openwrt-combined;1026249;1028708;624454;1221596;6790;0;212;1615368900
enkidevs_commit;150223;72164;72159;156835;26047;63;10;1484064033
LambdaSchool_JavaScript-I;195536;385478;330615;150426;6910;2988;43;1614541806
TalibAzir_AllahPadishah;866214;866195;862077;80;1;0;42;1613804036
WordPress_gutenberg;126354;221402;216232;50545;1455;2065;76;1614033574
duaneking_rockstar_test;597894;452352;449779;24;2;0;172;1437347415
rastaman_argouml-maven;113968;83848;141;1270390;53;2;187;1418933834
aldrikboy_comitter;528801;528435;328801;3;1;0;1;1534397332
enricemcorro_enricemcorro;107789;107779;107303;5;3;0;3;1590945849
savoirfairelinux_ring-daemon;107586;102099;94440;34298;219;41;187;1614407649
Quentin-M_pacman;155730;1;1;1;1;0;33;1628967600
RLovelett_qt;184979;1180354;758504;348236;2470;0;236;1615569131
surli_librepair-XP;420781;1269355;1042952;499530;4060;0;226;1615373833
UIUC-PPL_charm;139233;104400;97928;23484;404;16;310;1614897543
git.kernel.org_pub_scm/public-inbox/vger.kernel.org/stable/0;391097;345514;344124;1;3895;0;102;1583956111
rhos-infra_InfraRed;117635;27033;24972;6003;332;1;61;1614099796
git.kernel.org_pub_scm/public-inbox/vger.kernel.org/git;393752;393110;391325;391315;10955;0;184;1583962213
Wadauk_scihub_ck;138117;138133;137493;28;1;8;38;1613775608
xbmc_xbmc;485386;795947;509693;436395;2820;6303;212;1614187841
vt-alt_specs;122938;181880;180203;28967;203;1;186;1614772800
vermaneerajin_editra;276188;320538;119496;1702876;105;0;202;1424257642
bharath1995_trunk;150986;54403;35465;155464;52;0;209;1503260461
Door43_d43-en;445366;738952;735347;30235;9;11;36;1498681215
svininykh_freeciv-translations;102770;130529;1911;394609;101;0;226;1480683169
ryanniehaus_open_source_package_builder;187787;2613;741;2320;1;0;13;1492823256
racket_racket;146623;272436;212750;90439;574;610;298;1614654943
wikimedia_integration-config;111908;34888;34669;10882;648;8;101;1613467556
jdcloudcom_MKTContent;515375;5971;5351;2551;10;1;22;1598896566
opentimestamps_nist-inject;112546;378690;377632;377641;1;0;26;1614396608
sourceconnect-testing_reposync;186650;186421;185520;1;1;0;23;1582553179
IonicaBizau_I-Love-Octocats;576331;575789;555857;226;9;10;69;2556396000
pbaffiliatetwoop_repoForTest;164969;88;63;124;2;0;48;1600703658
Yankkk_C-;482454;1335;909;3063;14;0;6;1418229789
scriptzteam_newzNZB-Usenet-Upload-Logger-v1.1;127200;125003;124407;594;1;0;25;1602028802
git.kernel.org_pub_scm/public-inbox/vger.kernel.org/lkml/6;514866;346034;345149;1;6688;0;18;1551308735
alisw_AliPhysics;353614;323506;316023;132246;1095;584;263;1615453332
Anon-Exploiter_make-me-first-another;752265;677313;64689;4;1;0;2;1602843821
dustymc_arctos;208107;73069;67816;17803;42;0;158;1615571505
spryker_demoshop;120387;423377;292771;115985;336;44;91;1614163156
denis-gz_qtbase;101938;397331;335326;103209;2009;0;136;1614826490
danrue_oh_my_fortune;200847;200806;199850;1202;2;11;1081;3155580953
jonchang_homebrew-core-sharded;217674;239731;52289;7284;10297;0;140;1611645768
broken-chatbot_commits;139093;139093;138454;2;2;0;1;1580118091
docker-library_commit-warehouse;580330;964190;633125;336003;15998;4;259;1615252743
netlify-templates_gatsby-starter-netlify-cms;497647;1393751;1065697;1027397;18252;744;96;1615683947
jdzs1_cbzs.github.io;223482;9201;8933;12;6;0;17;1571820289
Slicer_SlicerGitSVNArchive;100340;115789;111954;21695;343;203;182;1614012511
hasura-imad_imad-2016-app;213058;208948;193166;26714;3804;4561;40;1570037751
opendaylight_bgpcep;115830;76770;75925;12411;85;24;92;1614110093
opendaylight_mdsal;107284;74271;69367;12385;123;37;92;1614615165
LineageOS_android_hardware_qcom_audio;3165192;2030683;1636605;830822;17999;400;164;1615725967
jthub_ega-file-transfer-to-collab-2-jtracker;233801;359828;295156;583712;4;0;4;1504016216
ssbattousai_Cuda37;149775;284777;283490;160002;1;0;2;1494649041
lesthack_dailyupdate;106970;91225;90805;1255;3;0;38;1559166428
joseedil_ptolemyII;153485;277718;4201;85330;224;0;250;1504498955
CocoaPods_Specs;689972;762942;717920;1239867;38551;10823;147;1615303063
ICGC-TCGA-PanCancer_ceph_transfer_ops;225777;86773;79057;132023;10;0;18;1511906197
pbaffiliate4_repoForSettings;134004;10;2;23;1;0;19;1600705999
8irder_heartinternetstatus;276589;251064;249842;14;1;0;23;1479473105
bloomberg_chromium.bb;3007641;9945084;3729964;5798673;25488;76;287;1615403846
repo.or.cz_tails;145668;197860;195332;41744;333;0;141;1613466322
stoupoun_p2-breathe;184979;2453;2103;1351;124;0;169;1596503926
kai7p_wordpress;155359;82541;169;14271;71;0;182;1526286498
fikrado_go-;104977;1774;5;2682;2;0;18;1623555366
apache_httpd;246122;295723;283743;94561;402;1193;303;1615307303
eclipse_birt;236524;330554;237404;173636;225;237;187;1588346261
ManageIQ_manageiq;119878;192539;163840;59221;569;830;89;1615317695
CartoDB_cartodb;197894;203668;199685;28942;364;679;123;1615284681
opendaylight_yangtools;165230;90085;85166;20990;141;91;97;1615312264
GNOME_gtk;191842;354123;343495;29927;2726;423;282;1614657227
g0v-data_mirror-10minutely;106720;1252060;1244329;18;null;1;27;1582959620
pombredanne_sf.net-brlcad;300276;260190;2394;1437553;101;0;426;1571350150
qooxdoo_qooxdoo;103261;157904;145949;145581;244;282;194;1614860965
Automattic_wp-calypso;223278;393847;387388;38985;917;1617;87;1615523171
suzutan0s2_contribution-calender;137869;137871;137256;3;2;0;5;1482195481
mono_mono;249516;752661;462108;231229;2401;4009;238;1615576801
5john_5john;306915;66912;66612;2;2;0;10;1592018069
oknozor_the_stupid_repository;1000611;5;5;1;1;0;1;1600281377
symfony_symfony;204664;547305;406125;140604;5058;10076;297;1615017541
Jioss_aurora-project;147622;38731;32374;256500;50;0;98;1543817224
mikemcqueen_WordGameClues;102896;1251;1242;262;2;0;38;1606878836
git.kernel.org_pub_scm/public-inbox/vger.kernel.org/linux-wireless/0;195825;195825;194930;1;5740;0;159;1583929127
jenkins-x_default-environment-charts;280181;130713;114645;51791;6031;23;39;1615284480
edx_edx-platform;337956;688464;586970;224923;2147;3003;112;1615571415
otiny_up;872516;835744;831833;17474;2;0;11;1600072555
libuv_libuv;116803;175214;147248;86071;2575;0;146;1615411208
phpmyadmin_phpmyadmin;133738;365436;340738;43865;2176;3426;239;1614992932
electron_i18n;111734;102217;100018;61590;80;185;46;1613636712
anappwilos_AutoCommit;3401766;10117;10082;1043561;4;1;5;1577971576
xcaq_xcaq;207020;181830;180980;2;2;0;6;1615443967
NetBSD_src;5940600;2252943;1705640;588146;690;132;338;1615129805
TheBinitGhimire_WHOIScommits;431854;32699;32646;2;2;0;1;1600548474
opencog_opencog;136316;117226;106538;31923;250;731;159;1614968398
gitlab.com_quicla_platform/vendor/qcom-opensource/system/bt;759050;354060;334570;85037;5685;0;159;1615498703
simoncozens_libtexpdf;219071;110143;1340;276833;60;1;153;1580801829
Angstrom-distribution_buildhistory;101599;2703437;2303022;1322196;2;10;78;1547841223
git-portage_git-portage;2212980;3494204;1873719;566640;458;3;182;1439050569
linux-mailinglist-archives_linux-kernel.vger.kernel.org.1;350000;349893;348304;1;7614;0;12;1611695747
tensorflow_tensorflow;216244;835907;511463;525927;7536;82811;67;1615408447
stephenmcd_mezzanine;124852;450974;266204;544911;3426;1864;131;1614566923
jasoncalabrese_indy-jan16;163200;93445;87258;47;1;0;3;1461218775
wireshark_wireshark;263445;361880;357679;62256;1743;1056;270;1613770264
RocketChat_Rocket.Chat;116120;258205;224354;96325;2680;6352;83;1614622180
BOINC_boinc;141118;141376;131423;24452;364;371;229;1614950460
marcomep_subversion;106850;184601;72069;23665;169;0;152;1348605431
gitlab.com_quicla_device/google/cuttlefish;100042;30416;30059;9016;310;0;46;1613362974
android.googlesource.com_platform_superproject;212974;257159;194164;1737;2747;0;62;1613409857
doctrine_orm;103294;356879;273171;130499;4121;1236;207;1615413775
test-organization-kkjeer_bot-validation;125449;12;11;65317;3;0;23;1614229421
nosillnoboat_blocklist-ipsets;162649;3495695;3477965;5606;1;0;2;1459768518
git.kernel.org_pub_scm/public-inbox/vger.kernel.org/lkml/3;453851;453851;451677;1;8910;0;41;1422545363
mhop_fhem-mirror;146061;39386;4203;42247;272;123;170;1614114289
IIJ-NetBSD_netbsd-src;310761;1496163;9095;466280;470;83;338;1615525062
cakephp_cakephp;158791;373950;226898;169024;2173;5089;216;1615247464
reactos_reactos;214073;484622;380639;258138;610;1046;273;1614767704
curtclifton_curtclifton.github.io;384809;31948;31740;2542;1;0;20;1544233432
spirosmastorakis_CFN;168807;237891;217455;89879;1130;1;176;1614500649
everypolitician-scrapers_belarus-house-of-representatives-2016;124385;128502;127310;1280;8;0;24;1536868376
thomasNDS_lbl;132389;57074;56839;18430;1;1;35;1606614991
robertbrook_robertbrook.github.io;751306;156580;155777;6643;1;0;17;1556739299
JackDanger_autodeployer;190050;274;271;8;3;0;37;1590095098
MyProgrammingStyle_hotspot;104928;256317;124598;100197;412;0;159;1606154372
luisbtejada_test1;100302;110545;100395;10599;2;0;3;1594875301
swedishtechevents_swedishtechevents.github.io;214806;199603;198581;166;9;2;37;1614679345
Anon-Exploiter_make-me-first;1919653;1156207;634973;4;1;0;1;1600753740
wikimedia_mediawiki-extensions;339881;326346;323790;5560;1111;32;110;1613864986
fcharlie_git-analyze-demo;265830;1668;747;1214;3;0;1093;4132978759
0xrabin_commitsbro;359957;6;5;29;2;0;1;1605542995
kaapow_kaapow.github.io;203396;42283;42053;2193;1;0;9;1544443422
ambanum_CGUs-snapshots;957390;506727;505517;1976;4;0;101;1614166362
kinlane_the-us-narrative-today;196527;189471;188410;781;1;1;23;1612491543
foolip_ecosystem-infra-rotation;134603;121618;115365;12244;6;0;32;1589995630
hasura_imad-app;324680;318292;297254;33199;9392;8904;43;1580685866
Synss_macports;119979;206223;9;31028;216;0;154;1430315224
apache_hbase;109086;350860;323212;261523;1109;2903;167;1613809688
one-million-repo_biggest-repo-ever;9960000;null;null;null;1;0;2;1549043328
geos4s_18w856162;1058481;314063;312590;77;1;0;19;1589880930
nturaga_bioc_manifest;254007;2116;2111;35;996;0;236;1612385123
git.savannah.gnu.org_git_emacs/elpa;1687608;1714090;1382356;1417112;13712;0;397;1615599803
tmtmtmtm_pakistan-national-assembly;262435;495730;493530;1386;5;0;36;1561653735
tcsekhar_Mining;170688;1367993;1361673;39;1;0;6;1531196077
akeneo_pim-community-dev;103679;314108;292513;85061;390;462;103;1614018464
theiuf_theiuf.github.io;295492;295493;294054;4;2;0;8;1613875864
zeit-github-test_github-e2e-tests-dev;103830;102884;102409;6;3130;1;21;1601910309
marco-c_gecko-dev-comments-removed;640230;2599753;1078227;565187;1;0;11;1599042787
HYDPublic_relint-ci-pools;236562;4214;4188;18238;18;0;49;1614999786
d12_test;196006;196491;195054;504;4;3;10;1549122206
jayanta525_openwrt-nanopi-r4s;1346667;1880923;1474366;665141;11588;0;253;1633112940
hakimel_reveal.js;130074;619776;314812;804680;8687;18442;129;1614281676
0xbzho_keybase;208523;146232;145727;55063;null;3;11;1515069326
Parkboyoung11_Kirito;137826;2;1;2;3;0;10;1559269274
teisam_teisam.github.io;117344;11412;11312;1527;2;0;11;1544390307
tmtmtmtm_philippines-house-of-representatives;173425;177802;176969;610;4;0;26;1538133632
jenkinsci_git-client-plugin;223476;176112;175029;1270;479;355;98;1615318315
saqib-ali_hivemined;220605;207858;206862;99;2;5;28;1614098685
WenhuaChang_openSUSE-grub2;102068;266772;224648;57773;1110;0;342;1615080705
sujaypat_cs225;142569;1046;699;1406;6;0;7;1462170037
smogon_pokemon-showdown;185005;327709;251314;129604;1878;695;117;1615086874
chuan12_shenzhouzd;1688745;1688740;1680750;5;1;3;36;1615771284
addflowinc_libmicrohttpd2;161867;67250;1260;9354;73;0;147;1476199259
microsoft_vscode;164471;484527;470697;72569;3550;8894;65;1614998400
NixOS_nix;121429;1429158;1346404;1472766;1865;585;218;1615311616
ncatlab_nlab-content;107823;110421;59792;25208;1429;2;8;1523862021
CleverRaven_Cataclysm-DDA;162082;363810;351943;108161;1981;2645;124;1614538964
rubygems_rubygems;106387;205240;147645;29436;2338;1299;262;1615285290
getlantern_lantern;168608;930907;520784;1132446;9300;10752;131;1614792873
jeongminkim_jeongminkim.github.com;120766;1220287;1214818;231;2;0;3;1548079081
openbsd-unofficial_openbsd-src;172661;614306;1517;119266;344;0;247;1460529217
gitlab.com_quicla_platform/tools/test/connectivity;119739;34265;34137;9530;319;0;76;1613257755
jonike_dava.engine;160319;252146;217092;129777;192;0;85;1524695900
mpv-player_mpv;207121;234840;112898;59826;994;24;242;1613851620
tikiorg_tiki;134705;235338;32;453241;633;15;183;1523222260
jocelyn-draft_ignore;199734;530808;158659;1706869;173;0;297;1511282297
19h_heartbeat;1657676;4229039;4208951;4;1;0;81;1615308163
one-million-repo_one-million-repo;1000000;1000001;2060;2;1;0;1;1548596202
getsentry_sentry;123758;268910;245220;43728;1765;3207;144;1614614308
audacity_audacity;123161;125535;80002;509392;367;720;250;1614270526
Azure_azure-sdk-for-java;126047;1656810;1601901;456238;1140;480;114;1615407345
kanzure_brlcad;112295;219768;1442;46618;92;12;386;1464815738
godotengine_godot;126137;415974;322501;172808;3412;5795;155;1615672705
Intel_luv-yocto;919557;962791;706297;481510;3662;0;227;2455243141
x9mdwe5q_ncovlog;366340;10768;10755;364560;1;0;6;1592787663
coolanant_24hrs-automated-commits;100007;10322;22;6;4;2;2;1563794303
archloong_packages;170093;62169;20250;53132;51;0;55;1351381318
informaticaqa_newrep;124577;127625;127000;319;23;0;14;1605029462
shubhamagarwal1993_Data-Structures;132097;836;388;1199;6;6;6;1399455058
mattermost_mattermost-server;281927;581350;500718;303791;4143;3255;102;1643296474
joomla_joomla-cms;215641;651576;549205;243086;2029;3702;185;1614359970
aws_opsworks-cookbooks;150263;252533;150716;221894;3342;1622;186;1609779394
ELTE-DH_speedtest-cli-results;189027;188684;187827;11;1;0;6;1615546146
comitterman_testrepo;187589;185976;185102;4;3;0;1;1474363173
sobotka_blender;1083853;956246;848340;929341;1105;137;223;1615467682
yjtdh_ma_resub;136303;263238;259910;16;69;0;13;1615746791
PhoneJ2ME_lime;362728;31468;26624;479573;138;0;52;1293124036
mztaylor_myplan;130703;9739;9057;3433;153;0;80;1413309432
GNOME_gnome-shell;185927;302984;275397;44078;2794;159;278;1615130807
dotnet_docs;135095;1362359;1218493;431244;3921;4574;94;1615093796
himobi_hotspot;1089389;1069110;1064182;71;4;2;30;1614661228
mkschreder_openwrt-xorg-feed;174734;971;227;981;86;8;114;1574137077
skbkontur_hackathon-2018.1-team6;172616;365;281;284;6;0;2;1547748038
yaohuangguan_yo;384160;1;null;2;1;0;4;1552622400
gitlab.com_jedbrown_petsc;111345;305130;277510;38078;444;0;319;1615564882
multicharts_scanner-check;926624;217248;216893;224;31;4;52;1599065871
wellcomez_MacPorts;198925;250161;69;35107;227;0;172;1477866531
videolan_vlc;158009;480385;362562;251255;1610;2552;260;1615074281
Dawjaw_TechnoPingGood_XP;104534;104508;104024;3;2;0;5;1608062391
gitorious.org_netbeans/main-silver;211999;733545;71416;144713;468;0;157;1328041331
NRYAN15_241;120467;661;591;783;10;0;5;1512628530
nus-cs2103-AY1819S1_addressbook-level4;496038;1478440;1466269;229476;4181;0;58;1614776774
bitbucket.org_abpccs_skyline;111140;198314;172526;66046;46;0;87;1554297023
lorenz_jitsi-monorepo;103907;132987;122358;46612;665;0;202;1615553134
dockercore_data;118429;118429;117858;2;1;0;2;1609699415
brianchandotcom_liferay-portal;2644235;3547106;3388789;898482;1219;0;180;1614907372
syuu1228_openbsd-src;137148;502297;109928;111193;101;0;202;1341320965
cakephp_docs;266325;699571;684205;139188;1942;2866;124;1613134556
JetBrains_kotlin;351807;941930;901558;259214;1210;4434;127;1614198250
fsobrado_serenity;107491;1458;1243;1298;35;0;86;1528824207
facebook_react-native;140923;931486;806989;292092;7544;21535;95;1615566488
redhat-openstack_openstack-puppet-modules;393574;481737;437597;153489;9529;63;166;1615200139
dotnet_aspnetcore;329097;1341596;831383;487227;4819;2305;238;1615489203
Azure_azure-sdk-for-python;108685;1498618;1476907;246861;1042;817;100;1613896000
samber_powEUr;103365;712666;709249;66883;1;0;27;1614909630
parkr_status;120519;105003;104469;52571;3;4;46;1614074405
escottdexcom_indy-e1g;119933;180781;151894;53;1;0;2;1475157106
xen-project_xen;185041;198725;177270;60254;1007;185;221;1613744017
jspaleta_why;252400;1;null;1;1;0;18;1602316800
tmtmtmtm_tanzania-parliament;173538;346992;345384;845;3;0;25;1536901622
miatribe_pipvpspy;225004;418354;416042;33;3;1;24;1494975889
apache_tomcat;195532;212916;201964;93203;587;3786;244;1613618076
pars-linux_corporate2;221360;45811;30132;71147;206;0;86;1488160744
jbossws_jbossws-common-tools;125176;31148;27826;1569222;62;8;151;1554900763
makersacademy_airport_challenge;152095;616397;526933;348192;3066;1787;76;1614932730
istio_istio;145321;501602;273536;261036;2097;4253;53;1615559706
daenuprobst_covid19-cases-switzerland;103441;407990;405960;88;391;4;13;1615200112
gitlab.com_kpld-webrtc_third_party;112741;1213848;220510;682026;2837;0;152;1612565284
flutter_flutter;264970;369802;326182;70489;2628;12861;95;1615702254
wxWidgets_wxWidgets;392362;573855;234221;92653;807;1160;275;1615157646
NgoMike_gitfiti;213125;5;2;4;1;0;5;1566084499
gitlab.com_unofficial-mirrors_libreoffice-online;119097;75774;71949;14516;114;0;72;1613708147
moppspace_moppspace;133619;133620;132995;10;1;0;22;1614418501
samba-team_samba;326950;465930;448301;157206;986;381;313;1615485498
netlify-templates_one-click-hugo-cms;737931;2079602;1845275;869950;12831;194;108;1615503950
stan-dev_stan;133569;476147;292182;1090919;282;340;115;1615659947
strigazi_athena;115654;347878;344953;106990;1903;0;160;1599132077
wikimedia_apps-android-wikipedia;122317;103920;103034;17369;311;432;90;1615593173
gitlab.com_conan513_SingleCore-BFA;788155;1410600;1145332;457470;5429;0;173;1615469046
bitbucket.org_akhudavets_qa-165k-jira-keys;165173;164124;163408;10571;1;0;1;1338358569
hassy_productivity;154775;12446;12370;1;1;0;638;2186694000
gradle_gradle;134886;397646;395071;174435;1158;3487;157;1614048548
astropy_astropy;145643;264100;248345;54978;1447;1391;220;1615317624
JTuwiner_bitcoinclock;101452;41113;40889;90;2;2;28;1613951193
discourse_discourse;124539;355773;276805;171061;2275;8778;99;1614721372
fharbe_unix-history-repo;119987;113048;3023;27877;192;0;188;803780805
civicrm_civicrm-core;112062;291526;220163;119753;862;783;172;1615024945
influxdata_telegraf;115468;426093;286171;313742;3939;3588;82;1615281465
3nodedev_pole;102500;1;null;2;1;0;3;1457035200
IThinkImOKAY_IThinkImOKAY;852735;55;45;16;4;0;5;1608172892
JetBrains_intellij-plugins;102000;113320;99566;45811;332;923;172;1614962081
eyim_indy-e3b;176936;188549;174079;72;1;0;10;1499619728
gitlab.com_tikiwiki_tiki;234840;360408;47909;188304;802;0;221;1613044123
Pardus-Linux_yali;227898;100032;68113;353062;276;4;91;1461677881
OSGeo_grass;144941;88474;78332;20518;95;72;155;1613833126
webmproject_libvpx;345324;203537;190484;32449;828;236;131;1614013737
talos_mta-service-status-archive;286534;273684;272479;3;2;0;26;1532188261
ngriffin7a_icefaces4-trunk;139610;24175;6030;190351;63;0;124;1487718496
Azure_azure-sdk-for-net;127924;672663;661164;320361;4058;1788;114;1614761528
openbsd_ports;484821;625370;338924;131866;311;77;288;1615633354
vinnymac_vinnymac.github.io;130356;397083;283105;255537;5034;0;132;1615522557
git.kernel.org_pub_scm/public-inbox/lists.ozlabs.org/linuxppc-dev/0;236210;236210;234976;1;8586;0;259;1583929822
mad-science_18135;200001;32689;null;1;1;0;1;1461701582
git.kernel.org_pub_scm/public-inbox/vger.kernel.org/lkml/4;416015;416015;414060;1;7268;0;24;1472547876
openmoko_openmoko-wiki;158916;104192;103980;67811;4028;0;109;1528532275
Luke0915_Unreal422;129666;664523;562250;254381;1014;0;77;1582359248
LLK_scratch-gui;174716;604497;441188;1120051;4433;1731;138;1615539876
Bsaliba_InductiveMiner-Prom-Plugin;131476;4640;4248;4706;140;1;77;1491371341
facebook_buck;867519;957701;935925;135619;2319;1115;150;1615505414
sourceforge.net_glibc-kopensolaris;150675;112652;44612;18999;16;0;235;1519137650
foren197316_blocklist-ipsets;264566;1849235;1840210;5268;1;0;4;1445279432
ImJasonH_prod-autobuild-prober;318002;5;3;3;3;0;18;1528401971
AmartyaU_WordPress;562839;1581293;560411;2053222;4994;0;216;1615554056
dongs365_docker;124785;124787;124195;4;7;0;17;1614252002
bitbucket.org_secdo_mth;166593;26158;26001;158739;11;0;6;1613495406
test987987_test100;127500;127498;124117;3;1;0;24;1599109518
yanzaihuai_ogate;108333;108302;107773;8;2;0;28;1495281462
AlejandroHCruz_dailypush;126732;126747;126097;4;8;4;9;1475359321
Mastermaulik_ofbiz;197411;241717;206115;186386;343;0;239;1615397765
casey_boot;129121;64270;63975;15;3;4;3;1535254842
frankbaele_temp;371637;95;66;45;5;0;11;1605171536
beaulebens_keyring;6129103;1429;855;1473;21146;27;167;1601226785
keum_data_display;181229;179918;179057;9;7;5;48;1519321517
gitlab.com_jtojnar_clubpenguinwiki;272438;245631;244478;11520;10309;0;109;1439122503
hoka_zope;128374;225714;81405;1990273;343;0;199;1353355780
drt24_openbsd-import;209900;803400;437618;151976;128;0;298;1594213285
cocos2d_cocos2d-x;170954;368889;272664;256630;2458;8394;154;1613194084
ghzmdr_i-want-that-shirt;494408;490540;120234;4;2;0;1;1414511117
git.kernel.org_pub_scm/public-inbox/vger.kernel.org/lkml/1;475671;475671;473410;1;11219;0;46;1268659835
EnkiChen_webrtc;218106;321527;191705;140771;1502;3;119;1615301026
kumarrakesh_test;109030;442;438;33;1;0;10;1542904236
btopt5_idepairline;506557;47272;47089;2;1;0;3;1558504910
PaddlePaddle_Paddle;210685;374052;330722;158430;1821;2596;79;1614931301
bcornielle_one_park_website;160515;154435;143065;105135;10;0;19;1583345911
gspu_vbox;394480;295464;259542;137711;3;0;155;1574412035
everypolitician-scrapers_russia-duma-2016;110571;214924;213877;2707;5;0;23;1536883977
ynnsn_weather;302903;303084;301613;851;1;0;25;1558439604
tork-a_jsk_common-release;212010;128970;122533;1736;3;3;36;1599204127
udacity_frontend-nanodegree-resume;188360;582183;385829;1243964;11545;25910;85;1612931327
enkhee-Osiris_gitfiti;125550;1;null;2;1;0;11;1486350000
jlord_patchwork;210524;97927;85790;112177;37905;37267;87;1614048161
tango-controls_cppTango;434583;55217;52381;281244;166;37;255;1615204973
gitlab.com_anonimal_monero;160007;464236;331106;250196;5274;0;169;1614711368
lunar-linux_moonbase-other;112501;115091;112909;30813;154;34;224;1614796045
mirror_cygwin;389840;356446;118908;43735;212;5;193;1426780517
grpc_grpc;101725;395467;343495;111413;2274;6978;109;1615625303
bitbucket.org_seanfarley_macports-git;138621;237984;106193;34235;195;0;164;1455820526
gitlab.com_quicla_platform/packages/apps/Settings;939013;1223669;1125163;182179;10401;0;155;1615713099
jikker_lineage_monitor;375727;1050801;1045811;34;1;0;11;1503034260
wikimedia_puppet;871896;257747;251379;92599;796;59;115;1614663261
nhirata_gecko-dev;647276;2145451;205723;428715;5402;0;239;1549882170
gitlab.com_techdemocracyresearch_mosip/mosip/registration-old;151784;213247;210638;150639;341;0;32;1614682179
GitClock_GitClock;842130;842099;838142;2;2;0;24;1615615207
mquinson_PLM-data;522527;351131;348676;4884;206;0;69;1585171480
doctorjei_pidgin;301842;110345;35242;12422;1477;0;251;1613210285
happysimon123_learngit;148516;148512;147823;1;1;0;21;1615724110
star-bnl_star-sw;152868;131303;43214;51830;396;5;331;1612797211
apache_incubator-mxnet;102972;7741729;7696329;222132;2302;5013;87;1615272120
AurevoirXavier_HGC;114502;2;null;1;1;0;14;1590466370
django-oscar_django-oscar;107764;707649;127323;179963;1514;1586;172;1614933974
opf_openproject;253620;505569;362798;249215;2492;1243;177;1614676630
liorkesos_mean;139893;754517;454923;936496;5345;0;108;1614940387
wolut_s3-transfer-operations;166439;60946;51331;122748;139;0;15;1496758455
moceap_scribus-1;115726;79921;27953;24061;57;0;142;1423678930
JMRI_JMRI;103642;334817;314835;1201880;191;249;239;1615276343
MaybeNotWrong_lc-sep;192784;187273;186360;2;1;0;20;1614038500
matplotlib_matplotlib;106217;153782;135938;62804;2084;5700;213;1614025671
WebKit_webkit;1189042;3729532;2976168;1988092;7839;2136;255;1615397788
5d2_files;183354;181616;179987;182477;1;0;9;1614824483
kubernetes_kubernetes;368058;896870;703636;369009;7911;24518;84;1615637695
cgils_unix-history-repo;119988;113050;4000;27882;191;0;188;803969288
jadonk_bonescript;528341;2234330;2221634;20389;79;190;147;1606300073
qgis_QGIS;212262;611077;564090;338580;955;1761;225;1615373489
ashking_phnest;154395;402580;400937;1019;2;1;19;1461778837
Ne00n_Hetzner;449550;442195;440077;4;1;0;11;1579117742
Perl_perl5;272443;364353;315916;39350;2198;221;339;1614011157
ssbattousai_Cuda11;115622;1767599;314519;829577;2;0;3;1463188733
hashicorp_terraform;123822;213382;129555;87039;3890;6485;105;1614717840
wmst_wmidbot;193734;274426;273053;124;2;4;48;1522820281
simonw_disaster-data;132197;128799;128225;119;3;4;19;1613770320
OSGeo_grass-legacy;125523;115684;107404;58654;59;1;269;1485172033
donno2048_1000000;1000001;2;1;2;1;0;1;1611435733
git.kernel.org_pub_scm/public-inbox/vger.kernel.org/netdev/0;498001;498001;495700;1;16992;0;198;1547745188
revoxhere_duco-statistics;524521;299938;298549;35;3;0;19;1615760678
Alsan_turing-chunk07;206852;68304;9219;310734;388;1;89;1395788634
MariaDB_server;724390;1424165;1154575;325892;3179;1486;249;1615223950
DevMountain_learn-git;163962;332078;270399;146763;8037;2052;175;1615401588
gitlab.com_vgrteam_what-a-dev;254771;236220;138981;8500;1;0;264;1609416720
opendaylight_openflowplugin;126636;60183;56264;13538;191;61;92;1614041331
ethereum_go-ethereum;430914;1394391;1241180;504484;6298;11097;110;1615521289
DOCGroup_ACE_TAO;320270;526414;389424;8883782;331;189;293;1614185297
Indicia-Team_drupal-7-module-jquerymobile;120247;29398;24697;43189;33;0;148;1614012938
hhc97_commits2;107939;107940;15;3;1;0;1;1593766801
mat813_freebsd;339043;1308058;564;399560;782;0;318;1573552488
f-droid_fdroiddata;194068;203025;201604;58145;2149;28;126;1615308317
debiancn_debian.org;206021;317042;39950;72926;269;0;233;1510562842
pbaffiliate4_testRepository;170259;32;18;81;2;0;24;1485235591
ItzLevvie_Office16;290714;292548;291262;72;3;1;31;1613487449
ejucovy_megamap-data;134039;276377;275003;56;3;0;46;1503088803
p8499_boost-type_traits;267041;792454;538353;291942;2590;0;249;1615706133
ghc_ghc;177434;382206;352879;79078;1103;792;301;1614688494
videojs_videojs-contrib-hls;587146;1398933;973860;1311252;28179;772;134;1615416009
ValveSoftware_wine;352223;558159;526640;76668;2402;70;331;1614872375
xi_github-lit;247775;null;null;null;1;0;143;1633600800
scala_scala;132266;313028;219832;81660;1216;3429;218;1614692935
ofiwg_libfabric;103508;274481;245098;70976;799;222;318;1615481378
apple_llvm-project-v5-split;7735910;2959734;2370614;43428104;9026;0;239;1615578519
mackyle_sqlite;109114;118089;104039;21643;276;548;251;1615323501
ssbattousai_Cuda14;140168;1796523;778157;834247;1;0;3;1463189038
Homebrew_homebrew-core;899443;558172;434416;38933;15412;9681;187;1615571596
buildroot_buildroot;347157;642954;373655;579337;4008;1288;251;1614435982
briggySmalls_skin-deep-server;141956;745859;461170;909195;5363;1;123;1615227675
spree_spree;129607;206117;168059;106168;2550;5577;158;1615587422
openhab_openhab-addons;117037;556098;498651;210685;2747;1040;134;1615262535
deadlyvipers_dojo_rules;140038;64933;54734;11790;13502;10940;74;1592003572
scylladb_scylla;139776;249879;240934;50547;1821;650;106;1615225756
FirebirdSQL_firebird;290655;190982;121895;215690;246;128;239;1614070455
jave_xwidget-emacs;129030;258469;23739;5984;557;4;307;1379261284
gitlab.com_THT-INC_git-plugin-tests;215927;3404;1573;4055;12;0;60;1615603707
wikimedia_mediawiki;1908604;1507501;1017557;920012;3432;952;236;1615546519
systemd_systemd;130049;249131;241452;45461;2676;2534;215;1614860818
licshire_public-buildpacks-ci-robots;154149;16953;16789;7818;19;0;51;1613747183
FreeCAD_FreeCAD;106424;205672;146797;24538;642;1663;228;1614946214
android.googlesource.com_platform_external/qemu;956983;1393921;1078366;481792;6583;0;241;1615475930
speedtracker_speedtracker;872881;874150;870042;21082;348;607;50;1597381617
Uintah_Uintah;115860;267414;266007;1238292;241;3;323;1614024980
repo.or.cz_kdepim;348562;512713;425748;78005;761;0;287;1614538339
pytorch_pytorch;328354;3991795;3944713;153934;4606;10879;123;1615535993
processing_processing;107341;108927;74852;88161;693;1591;235;1615575347
breakingheatmap_breakingheatmap;1526593;1526643;1432064;4;1;0;8;1614566603
norvek_laravel;109301;194421;171705;54636;6321;0;125;1615477084
suttacentral_bilara-data;109540;285284;284632;121762;34;3;25;1614555491
crypdick_climate911;462848;1;null;2;1;0;10;1563634800
rust-lang_rust;491770;929808;824922;202195;5533;8108;130;1615351229
ThePiGuy0_android_device_motorola_msm8226-common;281312;263183;150036;115460;4047;0;125;1615202874
sjqtentacles_github-autocommit;109994;109996;109441;5;2;0;4;1585974961
NRYAN15_dfdsf;825144;1995;1129;6059;16;0;5;1481086098
mcmult_lustre;109805;266822;265650;12391;548;0;248;1612930866
ledyba_This_World_is_Empty;1000000;null;null;null;1;0;1;1593253102
TestToJava_covid-19-india;160654;86448;85254;13;7;0;11;1614524362
infaautovcs_DependencyUIAuto;856337;1233496;1228165;8914;4536;0;14;1613798750
project-draco-hr_intellij-community;182574;882884;613815;1720560;374;0;145;1477943722
qinwang_R;150023;235075;137402;705892;32;0;251;1530518852
jpark2383_MP2;130899;1519;1344;888;12;0;7;1418000075
bitrig_bitrig-ports;170590;484272;256633;106501;108;32;236;1479317124
K5371_4;475566;1302;1146;3464;12;0;6;1517178726
Rancher_rancher.github.io;473163;850963;780876;323823;4940;0;150;1615336232
mono_monodevelop;123020;277765;247601;67431;828;1195;187;1615333494
kiang_pharmacies;190156;365456;340341;14809;7;11;13;1614434764
szzd3_fq;245120;146911;7720;11;10;0;19;1569340406
luminousbeam_gitfiti-fun;625624;3;1;4;1;0;9;1564468665
joyent_pkgsrc-legacy;3324419;1792273;1360753;195399;602;0;283;1613990250
ishvaram_hackygbit;505480;6;5;56;2;0;75;1615129801
coelckers_gzdoom;108814;9586561;9501706;209546;1016;315;212;1615201818
NixOS_nixpkgs;773313;758267;718450;215127;5951;5229;217;1615362716
arnt_qt-history2;102208;303387;292125;47686;152;2;165;1190038336
Awan_ops;607402;607402;604641;2;1;0;1;1609168015
Jackeagle_kernel_msm-3.18;31610821;18925257;14721467;7462502;100979;0;359;2787577897
mad-science_6178;200001;32700;null;1;1;0;1;1461700461
sunaidream_sunaidream.github.io;427353;427356;425326;10;1;0;2;1615573044
git.eclipse.org_r_papyrus/org.eclipse.papyrus.git/;138656;520324;508835;283898;136;0;146;1613745090
GNOME_gimp;147970;442308;420082;46555;1082;471;282;1613319686
wordpress-mobile_WordPress-iOS;133866;154271;133440;37243;334;1074;152;1614813644
rossabaker_abolish-ice;111780;null;null;null;1;0;14;1593878450
whsieh2_CS225;114725;712;243;1323;10;0;5;1386559901
gentoo_gentoo;5219213;18192295;10679971;1115663;2497;1385;249;1615345578
simple4098_doms;163502;9598;6798;15318;59;2;36;1477897980
simonAllier_benoit-exp-result;386294;224966;224216;320295;2;0;11;1458112198
twbs_bootstrap;342829;606133;412213;297094;14257;79087;215;1614574048
openstack_nova;341360;633693;567875;126332;3370;2782;131;1614938181
Tiseg_github-slideshow;343816;151950;107630;191838;98219;0;39;1615546070
learn-co-students_array-CRUD-lab-v-000;249187;110775;110188;430;13190;1656;83;1615065567
zapashcanon_heatmap-heater;505141;null;null;null;1;0;157;1640920268
simonpcook_llvm-clang-submodulerepo;201810;201812;74481;3;792;0;184;1472777494
eclipse_linuxtools;125254;114002;91378;39365;134;28;167;1613637698
freeCodeCamp_freeCodeCamp;185845;399306;292691;293276;10122;10707;94;1615446174
yocorn_commits;1000007;1000033;995288;4;2;1;1;1557268827
vanzin_jEdit;163018;78027;48687;242867;177;20;245;1601233235
ZIDAN44_linux-stable;381506;943719;2460;74227;null;0;132;1418749796
MIPS_gcc;2040874;1817310;1492856;17660135;5529;0;372;1615227641
gitlab.com_quicla_platform/packages/apps/Contacts;489414;276657;270841;57951;5353;0;150;1615037455
caolan_async;649631;1763921;1054996;3037587;21593;2839;220;1615393955
gitlab.com_quicla_platform/packages/apps/Mms;119961;100652;84009;24873;2524;0;148;1613158431
magento_magento2;346915;1654818;1460284;495751;4157;8325;169;1615078913
girish-io_RepoWithALotOfCommits;276600;276601;363;3;1;0;1;1610597136
OCA_sale-workflow;186371;289845;265465;83659;1911;537;160;1615155028
keum_cso_digitalocean;186260;372482;370743;13;3;2;48;1581121801
commit-b0t_commit-b0t;5139361;5139323;5115415;3;1;0;4;1612370547
pfsense_FreeBSD-ports;3992957;2826320;2630116;1265129;2183;372;321;1615501027
l_debian-webwml;249846;324267;56427;75309;368;2;240;1527229510
akka_akka;115822;210311;204945;28334;1584;3736;146;1615502488
jkim664_junik;123472;567;386;1087;8;0;5;1481387477
chromium_chromium;4229480;7572947;4260516;1890875;12825;3448;236;1615586236
dapplion_Ethereum-Mainnet-Blocks;122402;122408;121844;121844;2;0;1;1584407812
bahmedraaz_myProjectOpenAps;116953;226786;222222;7736;2;0;14;1562747355
lammps_lammps;115933;270587;223836;259199;970;941;175;1615000497
jerry-jx_tikiwiki;157567;221263;19244;1669296;316;0;161;1456250897
learn-co-curriculum_python-for-loops-lab;171043;147300;146616;47;1363;10;23;1570332620
jacob-carlborg_llvm-svn;159015;476925;9;174271;870;0;202;1515587019
maritimerabroad_gitfiti;117174;26787;null;2234;3;0;72;1609434360
pcdavid_org.eclipse.sirius;121524;156099;155383;39850;49;14;90;1613744437
testingcomit_testingfake;188516;89281;1;7527;1;0;241;1546258320
moiify_AutoGreen;496076;271394;270152;4;2;3;17;1615259341
SockPuppetry_Loop-A;455883;455883;453844;6;1;0;35;1614131825
MariusCiocanel_0.0;123270;null;null;null;1;0;96;1614518460
gitlab.com_quicla_platform/system/netd;147016;79698;68762;31608;2121;0;157;1614766597
wordpress-mobile_WordPress-Android;112634;315717;277068;72292;608;1189;153;1615633254
AlfrescoTestAutomation_alfresco-desktopsync;102718;355;351;122;166;0;121;1427183168
kovidgoyal_calibre;126650;126831;123302;14079;460;1470;173;1614308701
anuditnagar_millionaire;1000003;4;2;4;1;0;1;1555043270
firemodels_fds;237310;179373;177248;69010;119;305;167;1615220235
repo.or.cz_mono;121648;324076;1042;79122;302;0;109;1277123472
blipvert_macports;144263;250371;121;35133;227;0;179;1523397936
timhuynh94_231AS;158369;1;null;2;1;0;3;1563469200
MarlinFirmware_Marlin;142727;373653;330570;126723;5373;10162;120;1615063535
gitorious.org_wxfork/wxwidgets;134359;277300;89080;27049;91;0;184;1376838066
jgreef2_test;252362;64;48;5;1;0;2;1441215318
whfern_watchthis;195755;195762;194843;5;2;1;20;1456763140
hdrky_mozilla-central.fgv;151029;1178712;958803;433090;1799;1;178;1356526802
bitbucket.org_lindenlab_viewer;379417;352317;317330;53425;522;0;170;1613335770
udacity_create-your-own-adventure;229667;105485;96538;51521;34610;14213;93;1613425846
crosswalk-project_blink-crosswalk;541830;2111734;536835;878982;1908;52;179;1467784841
mapr_hadoop-common;262350;886581;780095;626772;2387;0;183;1614475157
void-linux_void-packages;291492;226891;217729;45874;1699;950;150;1614692540
pcheng11_RainGame;183281;376;312;717;4;0;6;1449609043
learn-co-students_debugging-with-pry-v-000;128484;62049;56847;9761;16795;1697;80;1615572154
geos4s_realtimegis;275885;40417;40224;56;1;1;9;1543484407
axbannaz_Middleware;177036;472398;104259;224834;200;0;218;1415955785
google-test_signcla-probe-repo;515296;390232;388923;3;12;5;44;1614127180
asimamalani_gitfiti;102494;1;null;2;1;0;10;1570896000
codeix_z3c.recipe.dev;115844;69;42;117;320;0;173;1282202212
Zimbra_zm-mailbox;104189;151675;43701;15472;143;69;188;1614688692
P79N6A_gecko-dev-comments-removed;251928;1077896;707037;212101;1;0;1;1564238084
jchampio_gpdb;266720;979974;888211;167679;1652;0;297;1615411251
gitlab.com_quicla_platform/frameworks/opt/telephony;480921;313917;292475;78683;4796;0;122;1615569594
ssbattousai_Cuda36;157224;298611;297152;164493;1;0;1;1490924790
MonetDB_MonetDB;229077;359630;264251;59816;123;63;249;1614881680
ArduPilot_ardupilot;228669;453674;382031;256067;2909;6813;132;1614645795
neo4j_neo4j;121590;789891;779062;145550;754;1986;167;1614597921
i17c_ecode;249034;217622;216745;1506;1;0;43;1589816728
gitlab.com_quicla_platform/cts;1090600;221977;205646;122809;4550;0;144;1613395793
sujaypat_cs241;175077;1894;1649;753;10;1;8;1518980439
thingles_micro.thingelstad.com;483000;93840;93337;14180;1;0;17;1544369376
openstack_openstack;229521;211443;210506;1824;3100;1385;98;1615710750
git.kernel.org_pub_scm/public-inbox/vger.kernel.org/lkml/7;312754;312747;311252;2;6251;0;13;1578610819
Lothiraldan_cvs;124517;88131;43971;3659;825;0;189;1610986040
AOEpeople_asdis;278492;5653;3066;13719;749;1;171;1611230112
django_django;227514;321275;280338;122858;6755;26554;189;1613770292
bd808_profile-life;180369;33;31;17;13;22;72;1519317000
feralEndre_sensorinfo;105529;201501;200554;3;null;0;14;1615327502
Cutthroat413_markdown-portfolio;125081;57246;55653;2003;12627;0;38;1614684687
wikimedia_operations-mediawiki-config;313643;82277;76372;34881;1001;49;116;1614197543
LibreELEC_LibreELEC.tv;144831;223564;197291;146747;1213;0;145;1614592767
piyawad_test1;1714726;60810;null;14094;118;0;182;1428765975
thomas-moulard_test_repo;316690;809043;617496;406316;5507;0;234;1615399556
gitlab.com_quicla_platform/external/skia;901489;593234;467983;182393;2092;0;152;1615564778
apertium_apertium-html-tools;513475;64281;17994;34658;435;48;167;1599364621
bert_pcb;140393;137744;135113;10624;124;3;211;1612722250
adhikari18_repo;270828;136606;135959;191;2;0;36;1613850025
crowbar_crowbar-core;100577;111411;100398;43640;544;77;116;1610465557
donaldsouza_current-date;564178;564163;561408;2;1;0;14;1615465790
JacksonChen666_too-many-commits;3903787;16;16;9;1;0;1;1596106125
Leaflet_Leaflet;105370;186773;153485;88552;3704;5203;160;1614986066
CRAZYFAKE_handiwork;100084;1;null;2;1;0;5;1496203200
eugene-matvejev_1kkk-commit-repository;716089;37;35;6;1;0;4;1488264607
ucscGenomeBrowser_kent;133903;196302;195381;29912;146;38;241;1615238811
mozillazg_pypy;320542;319664;276373;199625;539;27;217;1613847183
xndcn_smzdm.com;351320;351272;349642;349689;2;4;94;1615029363
python-git_python;117105;135625;12375;16936;204;226;267;1410502934
archlinuxcn_repo;124164;138022;125256;18288;163;169;97;1614288696
andylolz_ynmp-contrib;125468;5;3;4;3428;0;38;1521185273
bcomdlc_bcom-homepage-archive;177880;166992;166244;6;1;0;19;1376532907
gitlab.com_aosp_test2_platform/prebuilts/androidx/internal;177977;77016;71109;78579;37;0;32;1613119394
pbaffiliate1_repoForTest;137448;1976;1890;10276;1;0;52;1555033841
obfuscated_codeblocks_sf;158660;83060;63556;199644;92;26;200;1613378893
SSWConsulting_SSW.Rules;120312;112229;111840;12441;173;0;144;1614312184
ballerina-platform_ballerina-lang;129367;467166;386672;151989;445;472;83;1614341503
ilikeavocadoes_productivity;3579140;null;null;null;1;0;698;2147479201
tef_0.0;352473;1;null;1;6;9;96;1614517560
apache_karaf;111976;144794;141256;175769;547;605;189;1615180808
skbkontur_hackathon-2018.1-team20;503625;1586;1545;6138;5;0;1;1523171923
oqeerbfo_OEIS-copy;279551;null;null;null;1;0;1;1223114240
Reese-D_my_emacs;328468;572817;422151;498318;20133;0;215;1615724557
snapcore_snapd;105201;111756;106003;12486;275;371;75;1613804284
hashibiroko_tanoshi;636313;19086;18995;6;4;0;17;1570594621
arvidn_libtorrent;116980;89851;88964;51179;241;630;209;1613045982
ssbattousai_Cuda13;126616;1818322;524506;837438;1;0;3;1463459455
wikimedia_mediawiki-extensions-Wikibase;308553;170623;159218;32367;511;41;108;1614263984
bewest_openaps-example;166189;235107;231581;108;2;18;16;1471403462
fairynut_sslchallenge;1168512;1168512;1163047;1;null;0;2;1478353207
PreMiD_Strings;146276;26477;26428;7017;29;2;20;1614377924
dev-segal_dev-segal.github.io;507293;71;66;25;1;0;18;1606271942
redhat-openstack_khaleesi;110552;18114;17699;7751;167;7;45;1504213934
learn-co-students_javascript-arrays-bootcamp-prep-000;2321657;2329870;2195968;856667;40463;6582;89;1615578978
WPArena_SEO-WP;250803;9397;1982;17970;28;2;141;1573579628
preda-bogdan_test_gitfity;185600;1;null;2;1;0;11;1555491600
hakrtech_openbsd-src0-test;188722;700919;45422;141106;366;0;270;1521779709
bcit-ci_CodeIgniter;127923;393606;265804;283492;3618;9621;175;1615481833
wch_r-source;118272;285921;131086;27415;110;249;283;1615230014
majesty86_phase-0-tracks;154410;125227;118106;24234;1181;0;35;1590988380
sagemath_sagetrac-mirror;218437;425770;331521;138715;1396;0;182;1614560134
auto-program_vendor;258680;458772;337489;153613;13698;0;134;1615444469
pandas-dev_pandas;141394;241952;232125;32088;4328;9346;141;1614814540
adamprocter_microblog;387762;56222;55899;2288;2;0;13;1531647311
arangodb_arangodb;141857;680369;407637;774492;277;625;114;1614966406
bioconda_bioconda-recipes;106354;185844;172914;43617;1928;1524;66;1614258237
EugeneYilia_EugeneSignIn;511287;10018;10012;10;1;0;3;1537422224
git.savannah.gnu.org_git_mediagoblin;190048;854363;610915;1679007;11020;0;136;1615407227
sourceconnect-tests_subscription;170314;170014;169188;1;2;0;28;1582559793
apache_flink;143711;719679;678666;269522;2433;6984;146;1615442405
asterisk_asterisk;341196;139481;124469;26466;447;533;253;1613667093
mongodb_mongo;423154;1036829;634000;270151;2887;5899;249;1614627365
tvdijen_krb5;1050361;1137;981;1115;1211;0;268;1527622769
adalenv_gitfiti_test;101600;665;565;37;1;0;4;1575647263
easylist_easylist;199685;361470;318383;434;372;421;136;1613903952
openshift_origin;164209;537413;282188;286467;1767;4593;92;1615314902
jshint_jshint;132487;1704117;1651635;552927;1141;2158;125;1614024745
teku45_Web-DROP;163726;46096;46058;8;1;0;4;1475507182
xwvvvvwx_untrustix-git-testdata;3325787;2684501;2671945;2671945;1;0;0;null
drupal_drupal;854034;2922535;1763711;4530026;11952;2257;250;1615086429
toxtli_temporal;1239176;29317;29168;9;1;1;87;1609387200
aibasel_git-downward;184388;77657;55319;40526;101;0;157;1613850889
MycroftAI_mycroft-core;538111;35492;26009;27702;311;1164;60;1614584753
XOOPS_XoopsCore25;670315;79997;57879;251416;131;38;179;1615253016
wikimedia_mediawiki-extensions-MobileFrontend;203773;93527;92283;19944;523;22;118;1612424595
ceph_ceph;418098;639448;545597;223494;2546;4064;204;1615016613
se-edu_duke;146711;419789;413929;61731;2872;5;21;1614759046
Unidata_awips2;144158;152849;125573;110527;113;41;101;1607532948
highfidelity_hifi;108896;231654;223817;40013;434;310;104;1615505829
JGRennison_OpenTTD-patches;134466;228011;130570;41133;318;48;200;1614426739
0x0u_kusamori;999999;null;null;null;1;0;1;1560875298
Awan_simdata;1322884;1322885;1316698;5;1;0;3;1607433571
Arkhtyi_Discrete-structures;101384;681;219;1192;5;0;6;1453869770
nx111_enigma2;193925;281668;267235;53747;699;0;203;1615027495
frugalware_frugalware-current;292563;217225;214239;29709;129;11;197;1614669472
open-mpi_ompi;128762;253309;230994;283103;562;573;209;1614983897
glpi-project_glpi;101777;235943;216908;38704;299;666;207;1614092487
openSUSE_kernel-source;257702;658537;655851;286269;286;52;215;1615633452
struan_netherlands;100626;201232;200272;511;4;0;28;1537523189
tumblenet_TumbleSMP;111528;227273;226743;239;1;0;4;1540168713
it-projects-llc_addons-dev;178375;404604;325399;164254;2342;60;156;1615576534
RIOT-OS_RIOT;149739;361104;321318;242804;954;1621;124;1614553437
idevat_trac-tags-plugin;207458;2803;933;1627;618;0;176;1551397004
jasperan_github-utils;4394779;4244730;4224596;3;2;0;2;1544826591
jasoncalabrese_indy;238482;193885;191711;73;1;4;5;1453010373
JacksonChen666_h;3888209;3;3;2;1;0;1;1604900744
JavaOPs_topjava;125104;158429;154234;9810;1790;2467;68;1614879111
johame_w00t;106176;null;null;null;1;0;224;2067379200
eclipse_osee;158297;243156;237967;154604;58;21;161;1613678030
gitlab.com_gitlab-com_www-gitlab-com;2053413;28924219;28213688;4540892;39501;0;228;1615571468
nanoframework_ChibiOS-bkp;109178;56012;4;13697;23;0;152;1586092023
learn-co-students_js-from-dom-to-node-bootcamp-prep-000;307280;115874;106691;7392;30067;8375;59;1615307670
hookzof_socks5_list;163783;162513;161720;5;1;8;19;1614539768
zsxs2_zs;449402;326343;325371;3;1;0;11;1560260026
gitlab.com_szzdlab_ntdtv;136479;77594;77278;8157;37;0;4;1578463752
tmtmtmtm_romanian-parliament;356063;369366;367635;852;7;0;40;1561715942
g0v-data_mirror;2234311;6816423;6747858;177;4;3;73;1582584437
galaxyproject_galaxy;123127;336148;237618;223293;805;677;173;1614924268
jasoncalabrese_indy-e4b;216770;337069;282722;38;1;0;9;1488200106
ahf_tor-jenkins;203663;56119;56063;783;null;0;22;1414742585
Bronnyl-Dias_innovation-funding-service;108395;181056;179664;35328;165;0;67;1611576160
helm_charts;153047;185631;140309;65812;8146;12640;66;1615397905
Arshiamidos_84ck1N617;132086;32189;763;4259;1;0;114;1569918600
szeder_all-git-forks;981936;1140303;645790;385406;4859;0;289;4294967295
salsa.debian.org_webmaster-team_tests/test_webwml;122879;321008;297635;74039;284;0;237;1521135081
xuliker_kvm-0;244869;244869;243780;1;6578;0;177;1607345168
cirosantilli_imagine-all-the-people;390001;1;null;1;357567;0;1;946684800
frioux_dotfiles;312636;635860;440761;466380;19932;10;225;1615138384
