project,distribution,loc,scale
ruby_ruby,norm,1357944183.0969098,150970106.01606458
learn-co-students_activerecord-crud-v-000,rayleigh,1503045952.8364697,33059632.21134094
keum_data_display,powerlaw,1.382209761887796,1395731931.1884315
struan_netherlands,powerlaw,2.0630592835397863,1441783900.8565092
geovas01_man4,powerlaw,0.26666864279136393,-1.5318455998867464e-18
doctorjei_pidgin,cauchy,1197764444.857496,71631828.47988464
gitlab.com_quicla_platform/tools/test/connectivity,rayleigh,1448823135.6753025,70543758.05180852
chuan12_shenzhouzd,exponpow,0.8840325950059011,1523886659.9999995
State-College-Plone_Products.IstTheme,norm,1274416025.6351597,39141723.828055024
llvm-project_llvm-project-ng,powerlaw,1.9929604198083912,979846437.7658267
bioconda_bioconda-recipes,powerlaw,1.4148867857068903,1442049722.36128
google-test_signcla-probe-repo,powerlaw,0.818969840045028,1501104617.9999995
git.kernel.org_pub_scm/public-inbox/vger.kernel.org/lkml/5,powerlaw,1.2366973475219596,1470185911.2658627
pequet_public-logs,powerlaw,1.001647468629879,1558120062.8059883
scriptzteam_newzNZB-Usenet-Upload-Logger-v1.1,rayleigh,1537468735.291743,17212354.20332072
apple_llvm-project-v5-split,norm,1375835860.8278854,123103947.67120199
Door43_d43-en,gamma,11.626481300498114,1383763502.7093096
kanzure_brlcad,powerlaw,2.0629340508962946,341911410.78595746
bahmedraaz_myProjectOpenAps,norm,1556699632.902388,4193246.5815624767
ARMmbed_DAPLink,norm,1519523247.1482966,50256037.94041998
Sarybe_ThumbnailTooltip,cauchy,1354562895.2862468,30016704.63499154
moiify_AutoGreen,gamma,52954.24718899696,-378416296.2789969
8irder_heartinternetstatus,cauchy,1376851425.5417626,5695204.585204914
flushbeer_waka,cauchy,1437538894.607642,3170.6220453245096
surli_backup-experiments,norm,1463838185.139818,92775629.43746024
teku45_Web-DROP,powerlaw,1.1285917004331565,1469456792.7935705
infinit_elle,norm,1463907797.644049,82155607.0829434
johame_w00t,uniform,1528590174.0,1089.0
ingenue_hunter-cache,norm,1497900607.4893842,20897585.505828943
git.eclipse.org_r_tracecompass/org.eclipse.tracecompass,gamma,229.70191254229343,699381399.7455783
project-draco-hr_liferay-portal,powerlaw,3.713784444162428,1031744223.0585108
earl-ducaine_brl-cad-svn-follow,cauchy,1291321058.7910671,142026739.08035153
GregorStocks_0.1,powerlaw,2.169739962168004,1350012371.4154782
acquia_blt,gamma,13220.61257172878,-6371732715.630663
discourse_discourse,powerlaw,0.9033549326534653,1360091810.9999998
roschina_rosdoc_tag_index,gamma,1.7535247259117432,1348277119.8054395
tencentyun_qcloud-documents,powerlaw,1.8553756970475543,1467737721.7797956
ilikeavocadoes_productivity,uniform,1.0,2147483400.0
sourceconnect-tests_subscription,powerlaw,1.5489077815005896,1511216726.5199952
alpinelinux_aports,powerlaw,2.82067978129459,1135911628.6279573
usukhbayar-boop_PLS,gamma,8.424547720566022,1426300727.5097737
spring-projects_spring-boot,cauchy,1531399343.1665769,44914764.28031714
MycroftAI_mycroft-core,cauchy,1519599871.5637546,402899.4043829852
makersacademy_airport_challenge,powerlaw,1.1109977911987097,1416559817.1870732
majesty86_phase-0-tracks,gamma,21.830758743009707,1418107468.8487701
licshire_public-buildpacks-ci-robots,norm,1543833851.8211966,30719284.08289429
Tiseg_github-slideshow,powerlaw,2.479785634762961,1513126528.5194812
jkim664_junik,expon,0.0,5667318.280136387
apache_hbase,rayleigh,1193840949.3793378,180174094.5705547
pawohl_studip,cauchy,1325541536.6277442,103174390.52439076
gitorious.org_wxfork/wxwidgets,norm,1122334523.687479,96764674.48868568
star-bnl_star-sw,rayleigh,795954061.6939901,287421626.938725
jthub_ega-file-transfer-to-collab-3-jtracker,cauchy,1500241901.2771704,788954.1168739162
evileval_wooyun-image-2015,expon,1544754759.0,251420.61484241486
haiku_haiku,rayleigh,989445134.8548884,200507615.13499922
gitlab.com_quicla_kernel/lk,norm,1474809349.1677542,90978175.51710206
sujaypat_cs225,expon,0.0,5543682.958006299
ahf_tor-jenkins,powerlaw,1.3137193173562678,1356872089.3660727
tmtmtmtm_mexico-diputados-2015,rayleigh,1470963850.1035624,27067153.77899928
commit-b0t_commit-b0t,uniform,1604774628.0,7595949.0
cirosantilli_test-many-commits-1m,gamma,0.1552564569945486,-2.0794895717881375e-19
ngriffin7a_icefaces4-trunk,cauchy,1371088058.9918246,64151949.39982158
rust-lang_rust,powerlaw,1.56442572385534,1272711362.1358778
SockPuppetry_Loop-A,powerlaw,0.7793811257685694,1523706441.9999995
gspu_vbox,norm,1352067727.8830824,120653648.61919682
rathena_rathena,powerlaw,0.9441901170847613,1099610343.9999998
jasoncalabrese_indy2d,uniform,1464841249.0,23686389.0
raytapan_mgm-ice-R22,gamma,0.5748856812737186,-2.1334319786196365e-17
rubygems_rubygems,powerlaw,2.0004743620523624,884949054.3207679
openbsd-unofficial_openbsd-src,powerlaw,1.126674739445479,813975889.0856125
gitlab.com_szzdlab_djy,gamma,1.5472622798215059,1569372660.292513
ocaml_opam-bulk-logs,cauchy,1409585160.966435,1687678.772032146
racket_racket,norm,1256904672.707254,170346822.97676778
jh3y_pic,powerlaw,0.5199086466137004,1406890799.9999998
hashibiroko_tanoshi,uniform,1507099146.0,63496255.0
brianchandotcom_liferay-portal,norm,1472471403.1471527,78511443.73944888
greedyboy_blogBak,cauchy,1574652416.4123847,1875759.826028763
mikemcqueen_WordGameClues,norm,1497011241.1165934,5636613.891732084
suzutan0s2_contribution-calender,cauchy,1479083658.2935941,2208265.707086811
Alsan_turing-chunk07,powerlaw,1.57426441531224,1163261575.511809
godotengine_godot,powerlaw,4.821325875524538,1083261701.6013145
tmtmtmtm_philippines-house-of-representatives,powerlaw,2.6617837370861848,1436089637.6242766
gitlab.com_quicla_platform/packages/apps/Settings,gamma,327931.0879940743,-44685080688.62368
mozillazg_pypy,norm,1326686869.443913,117552788.9844233
LibreELEC_LibreELEC.tv,cauchy,1486069683.028747,41742753.4061189
liu76874151_appsuite-middleware,norm,1378318515.9236422,119074991.1704161
g0v-data_mirror-minutely,powerlaw,0.8181880368660299,1514470695.9999998
firemodels_fds,norm,1376282438.5614777,98645747.38741723
TheMattSykes_personal-website,powerlaw,34.2165937045267,-2161937879.723963
OSGeo_grass-legacy,powerlaw,1.0351905465665097,946477469.814145
PrestaShop_PrestaShop,powerlaw,1.6091463214617114,1227765996.819982
gitlab.com_quicla_platform/system/netd,powerlaw,3.2650730375637593,1165963167.1380854
aws-aemilia_CanaryTestOnly-DoNotTouch-ap-east-1,norm,1552583258.5597296,8138700.396129614
wmshort_latinwordnet-archive,rayleigh,1570848747.8167102,14220397.74155846
devkitPro_newlib,cauchy,1498617503.8003387,82670833.99347925
EricLindemann_CSCI-4308-Open-Sources-Data-Analytics,rayleigh,1446994424.596965,5796194.602139753
edom_eclipse,powerlaw,18.625471366620804,-1232002655.6398082
NgoMike_gitfiti,norm,1539509055.3428645,1669656.5116491916
cirosantilli_imagine-all-the-people,lognorm,10.034478507384776,946684799.9999998
qooxdoo_qooxdoo,cauchy,1218599973.638617,40561201.86994439
pcheng11_RainGame,expon,0.0,3501404.409933381
openssl_openssl,cauchy,1478826037.8329525,76364812.8928819
ofiwg_libfabric,rayleigh,1332220597.1983085,133472157.43726727
szeder_all-git-forks,gamma,296.7829954601772,-938133306.9308827
hannesmuehleisen_MonetDBLite-C,rayleigh,1041528310.3758285,199849216.86230925
jadonk_bonescript,rayleigh,1426013695.084292,81809064.5131438
roytam1_mozilla-cvs-history-subtree,gamma,1.7771304581584475,888067037.1158898
wikimedia_integration-config,rayleigh,1402638187.2902806,70246903.3060824
AlfrescoTestAutomation_alfresco-desktopsync,powerlaw,154.0473890316795,-11946720837.220512
mkschreder_openwrt-xorg-feed,rayleigh,1225800859.8651989,43466427.81105269
openstack_openstack,gamma,3.252092231477349,1365235570.4822068
sourcemage_grimoire,expon,1132918201.0,198948658.84935665
Wadauk_scihub_ck,cauchy,1523602262.3290415,1983642.6103523592
pbaffiliatetwoop_testRepository,powerlaw,1.1037270484809465,1500036401.642048
repo.or.cz_tails,rayleigh,1243140826.7104926,149380435.58632776
mtn_cocoa-eh-hugo-theme,cauchy,1577535317.5117629,11573074.862638783
bio-repo_ncbi_cpp_toolkit,gamma,3312.310106841267,-7421476975.743675
topcoder-platform_tc-online-review,gamma,0.3416224538199115,-1.4390223681724228e-13
ballerina-platform_ballerina-lang,gamma,46.99347872363829,1264121479.6495385
mad-science_18135,uniform,1461700851.0,731.0
Plailect_Guide_3DS,cauchy,1497621490.8824766,9775538.17312051
google_angle,powerlaw,3.0497352100526687,1236162037.1042213
pars-linux_corporate2,cauchy,1273912858.2856414,25058527.19334188
rossabaker_abolish-ice,powerlaw,0.8902926736567531,1561910400.9999962
xbmc_xbmc,rayleigh,1048180537.6306038,205163145.71651965
sourceconnect-testing_reposync,powerlaw,1.117540252298201,1522787146.5747833
ChristopheDucamp_christopheducamp.github.io,norm,1533384260.8488379,6786562.124561885
trilinos_Trilinos,norm,1305107942.2758992,156599692.06570336
BOINC_boinc,gamma,3.7029105035851506,984319038.8032234
tmtmtmtm_romanian-parliament,rayleigh,1465210185.1366487,41788453.5187714
MariusCiocanel_0.0,powerlaw,2.169739962168004,1350012371.4154782
demisto_content,powerlaw,2.384741901946528,1465125003.1537645
qemu_edk2,powerlaw,1.290798484135443,1142604908.6256433
regro_repodata-shards,gamma,1.5392406336726387,1597229823.4838543
xanderself_one-million-commit,lognorm,10.03446774061465,946681199.9999999
infaautovcs_DependencyUIAuto,cauchy,1604647438.6526601,2045184.1521463303
mquinson_PLM-data,rayleigh,1389010097.4816294,45060531.03270767
obfuscated_codeblocks_sf,gamma,2.141479973614353,1080967176.3509812
istio_istio,powerlaw,1.3005304927610712,1479512058.7634654
xwvvvvwx_untrustix-git-testdata,uniform,0.0,3325786.0
Indicia-Team_drupal-7-module-jquerymobile,cauchy,1382376036.243361,29757267.44606878
SSWConsulting_SSW.Rules,powerlaw,1.3658886717069654,1237402167.6495352
mozilla_gecko-dev,cauchy,1384301896.1183896,116687259.3302983
android.googlesource.com_platform_external/qemu,cauchy,1501030634.4208078,58629777.95485687
RIOT-OS_RIOT,norm,1506778432.4667795,58076279.90614624
oqeerbfo_OEIS-copy,lognorm,12.06931647980091,1223114239.9999998
skbkontur_hackathon-2018.1-team6,norm,1523130540.3930054,59362.243516233815
petervandivier_link-breaker,rayleigh,1597405749.555376,4425.351742890041
skbkontur_hackathon-2018.1-team20,norm,1523135732.7067919,1594.0436474296378
asterisk_asterisk,gamma,28.162389041910885,701405087.1689712
CRAZYFAKE_handiwork,norm,1492995647.0484793,1929468.3139777859
wikimedia_mediawiki-extensions-MobileFrontend,gamma,3.8835068954533023,1305496587.4503565
Azure_azure-sdk-for-python,norm,1565909630.308889,36057722.90504677
feralEndre_sensorinfo,powerlaw,1.0153738555700675,1582474355.4895458
MmxBoy_ELT-BOT,cauchy,1460835881.3716505,5802240.218367286
WPArena_SEO-WP,cauchy,1425402426.5239885,48279024.9760544
Leaflet_Leaflet,norm,1459931343.1051598,89063738.50849374
weiyeh_OpenBSD-src,powerlaw,1.11508831005284,813983569.0552816
AdrianDC_aosp_development_sony8960_q,norm,1476539314.3913994,90811623.72002663
easybuilders_easybuild-easyconfigs,powerlaw,1.3469215877982137,1331189830.8877473
va1entei_retdec,uniform,1584349960.0,7203105.0
f-droid_fdroiddata,powerlaw,2.225988375269422,1278603168.7946172
samber_powEUr,powerlaw,0.9861679197706716,1547912293.9999995
nicopeters_sigrhtest,norm,1518622988.7009363,16670277.182326734
kuali_kc,rayleigh,1166269630.5402195,126186147.4974281
jthub_ega-file-transfer-to-collab-1-jtracker,norm,1497344971.6322536,981498.51765203
JacksonChen666_h,cauchy,1604886877.5448308,6868.830878627451
php_php-src,gamma,2.8522601712943736,887561549.7793348
racarr01_racarr01.github.io,powerlaw,0.8976553969513237,1534180478.9999995
supershell2019_conf,powerlaw,1.2517162664691002,1566753774.0136442
NRYAN15_241,expon,0.0,9277395.859820532
one-million-repo_biggest-repo-ever,uniform,1548597145.0,446183.0
user135711_jdownloaderClient,norm,1390396808.1115918,77191310.96863772
nhirata_gecko-dev,cauchy,1373517310.6045496,63556103.85184693
archlinuxcn_repo,powerlaw,2.7183217938154747,1362491061.8666892
Arshiamidos_84ck1N617,cauchy,1553493183.5431256,6705294.22094695
eea_Products.EEAContentTypes,cauchy,1330808560.2733026,32883816.166495703
pytorch_pytorch,norm,1552401277.1156552,44346243.18173786
oroinc_platform,rayleigh,1351023511.9578195,86528842.48279971
arangodb_arangodb,powerlaw,1.2620118563473377,1319608238.847269
lvotypko_javatest-report,norm,1248348345.2702296,37754733.211061046
macvim-dev_macvim,norm,1387379812.3968964,133595159.16663307
CartoDB_cartodb,norm,1437087317.2556434,64427755.545859575
luminousbeam_gitfiti-fun,cauchy,1543846177.3076248,1699655.8841597836
yiisoft_yii2,rayleigh,1298359929.726206,110454602.53362384
tmtmtmtm_pakistan-national-assembly,gamma,508.8800931857743,940484514.1062143
AurevoirXavier_HGC,chi2,1.0082867723078204,1574655389.9999995
kyle-barker_London,powerlaw,1.060888903068517,1490953306.7229452
dotnet_corefx,rayleigh,1394422357.6379137,97262121.96718563
bpeabody_mongo,powerlaw,0.6875371242408875,1483582178.9999995
danrue_oh_my_fortune,powerlaw,1.005208086128435,-112210.8389958743
OpenDataSpace_jlan,gamma,0.21260330679936368,-5.47122270480357e-21
gitlab.com_quicla_platform/packages/apps/Contacts,norm,1466225827.6824286,80603666.6079423
trattkantarell_src,norm,1082278837.0669987,135865115.94833028
usehotkey_counter,exponpow,0.9938662711265883,1510989861.9999995
5d2_images,cauchy,1598820191.4048734,610392.5446423126
nanoframework_ChibiOS-bkp,powerlaw,181496226.5793242,-3428669758098192.0
Ratcanal_Rafa,norm,1294603243.9603124,73993483.64840819
bewest_openaps-example,cauchy,1465000209.6926541,2281911.1770386817
fuglede_github-contributions-filler,cauchy,1459608843.2079704,363.7622377247771
myatt83_kuali-student,cauchy,1369051609.1380692,22222558.47551497
carolmanderson_academic-kickstart,norm,1566646899.9357271,32192402.324631557
jerry-jx_tikiwiki,cauchy,1289417551.567881,45847884.85070962
whfern_watchthis,exponpow,0.36595700624790184,1412184802.9999998
ghthor_insync,powerlaw,0.9233049463350829,1528766148.9911356
gitlab.freedesktop.org_xorg_xserver,gamma,514.4739018290938,-1869949881.6737623
cms-sw_cmssw,rayleigh,1118389923.086702,174252015.7362931
gem_oq-engine,powerlaw,1.2266442134019404,1279431589.338829
apache_tomcat,powerlaw,1.7140282097598267,964013269.1237898
duaneking_metrics,norm,3385969591.5363235,92763448.4896411
stevezg_weirdflexbutok,gamma,4.7962179364772055,748291003.0367447
openresty_lua-nginx-module,cauchy,1448751866.9169095,16058513.311142497
citp_privacy-policy-historical,norm,1377713490.1912868,133211987.83412068
anappwilos_AutoCommit,powerlaw,0.45414728516068914,1524220559.9999998
everypolitician-scrapers_belarus-house-of-representatives-2016,powerlaw,1.4422725778318837,1476108436.8472338
WebKit_webkit,cauchy,1323904640.4436266,65174387.49157475
gitlab.com_anonimal_monero,cauchy,1524707813.7349892,30504230.47080244
MoKee_android_packages_apps_Gallery2,gamma,68.57508193606708,731465485.9158583
hookzof_socks5_list,norm,1605535803.6398587,6513791.91235829
gentoo_sci,cauchy,1351059973.6832585,20373321.85352315
django_django,rayleigh,1094792377.1152663,194047749.86160865
highfidelity_hifi,gamma,335.67150113324044,363455066.1368917
eclipse_birt,cauchy,1524760582.0722873,87082.0585361056
szzd3_fq,rayleigh,1531019245.390325,10635713.704331791
MaybeNotWrong_lc-sep,cauchy,1557215004.462021,6753076.652598226
sbmlteam_sbml-test-suite,norm,1291895829.1750798,110390131.21254425
freenas_freenas,norm,1410090973.254121,115342841.29731202
avsm_ocaml-ci.logs,powerlaw,1.1562359018133241,1480850698.7899952
DOCGroup_ACE_TAO,norm,1079161275.1464956,154951475.99776322
alexandruchirita4192_MqlPersonal,expon,0.0,7339387.3490984505
learn-co-students_array-CRUD-lab-v-000,norm,1538295562.288411,28673244.101565585
breakingheatmap_breakingheatmap,powerlaw,1.0681209574253243,1594970759.5199847
urho3d_Urho3D,norm,1391813206.708436,128477768.92453414
miatribe_pipvpspy,powerlaw,0.8035395439838167,1435020130.9999998
gitlab.com_jedbrown_petsc,powerlaw,1.843596218607245,758877615.0927639
opencog_opencog,norm,1404395655.1544454,98088143.8233353
0xbzho_keybase,cauchy,1463952063.8411045,2127892.480957224
JetBrains_kotlin,cauchy,1507128379.4038804,35851812.116923094
django-oscar_django-oscar,rayleigh,1242787923.4269464,83690037.07885115
pombredanne_sf.net-brlcad,cauchy,1297179119.291506,130372853.99660057
joyent_pkgsrc-wip,powerlaw,0.8317622728478569,1048023271.9999971
it-projects-llc_addons-dev,powerlaw,3.89688294119583,1186237415.3059902
open-mpi_ompi,exponpow,1.0429542370704947,1069518084.1479499
Ne00n_Hetzner,powerlaw,0.9898470855147655,1551644194.9999995
Mastermaulik_ofbiz,cauchy,1269732542.9372547,71383218.19245073
marco-c_gecko-dev-wordified,lognorm,1.7274498944874919,1577835251.0698712
casey_boot,cauchy,1528423107.3642707,547787.8249436226
dotnet_aspnetcore,norm,1477818427.1988602,104754675.83234039
mpv-player_mpv,rayleigh,948006344.5749778,225742323.65443286
ConstipatedNinja_IPMI-Temperature-Monitoring,gamma,345.1924607667519,1387566535.6441069
scummvm_scummvm,gamma,238012.3428527324,-72655776411.49878
jasoncalabrese_indy-e4b,powerlaw,0.9753572445095444,1465380305.4226713
AlejandroHCruz_dailypush,cauchy,1465918411.0615776,2527296.040875369
shubhamagarwal1993_Data-Structures,expon,0.0,5981135.602890301
spip_SPIP,norm,1310920706.955201,139544215.2912423
HYDPublic_relint-ci-pools,powerlaw,1.8697262231611935,1487113102.7575245
videojs_videojs-contrib-hls,powerlaw,3.834752180475835,978392828.3356049
wildfly_wildfly,gamma,8.21230855132507,1146115563.1020145
rust-lang_crates.io-index,powerlaw,1.925316374497882,1413734577.3060412
savoirfairelinux_ring-daemon,cauchy,1599107207.68326,16756225.19865054
bitbucket.org_akhudavets_qa-165k-jira-keys,rayleigh,1338346645.6749732,5021.117557890783
robertbrook_robertbrook.github.io,cauchy,1510117023.1351347,4281118.047289882
I2PC_scipion,norm,1374982538.3830428,98979873.30983676
wellcomez_MacPorts,powerlaw,1.9063548547597011,1011883178.5261046
samuraitruong_cm-spin,powerlaw,1.4776730594931435,1571309842.562469
marcelstoer_nodemcu-custom-build,gamma,4.813559747224038,1414767449.310378
webmproject_libvpx,gamma,35.380393815757635,1057331863.5904534
bitbucket.org_seanfarley_macports-git,powerlaw,1.50638834143609,1025009766.1182904
docker-library_commit-warehouse,cauchy,1450203931.772253,53967631.63884191
prestodb_presto,norm,1499925752.3636756,65355217.24510918
NetBSD_src,norm,1119035664.016087,186656048.32183617
jonike_dava.engine,norm,1426893195.4271405,47351108.79916834
MIPS_gcc,norm,1230192319.2548964,216484899.56669417
FusionPlmH_dead-block,powerlaw,1.0320572174197935,1598784606.131919
cockroachdb_cockroach,powerlaw,1.7996474398529294,1391475960.9465365
wking_swc-boot-camps-v2,norm,1496090494.9723544,70705814.13232288
opendaylight_yangtools,powerlaw,1.1652942165212314,1374186105.821247
BVLC_caffe,gamma,137.39582044129105,906044806.055479
LambdaSchool_JavaScript-I,norm,1550374804.9241285,17472236.132545862
IIJ-NetBSD_netbsd-src,powerlaw,1.0414647670461497,711044163.0612166
jasoncalabrese_indy-e4,powerlaw,1.403214028343807,1457776682.98768
Pardus-Linux_yali,norm,1219203899.1642752,61912219.84385047
Luke0915_Unreal422,powerlaw,0.9780129793911965,1394820820.9999998
dotnet_cli,cauchy,1562834598.8495383,22671557.89292626
hasura_imad-app,cauchy,1503070530.966352,2138741.7959049633
vinnymac_vinnymac.github.io,rayleigh,1530600155.5811386,37929434.12412133
ceph_ceph,norm,1476731233.1033752,88409280.81960472
Automattic_wp-calypso,rayleigh,1436260716.2315876,69781349.91827829
schlos_croatia-parliament-archive,gamma,10.418544171353638,1441598471.0259027
l_debian-webwml,gamma,2.8859707524816045,884228070.3822827
wikimedia_puppet,norm,1459080252.6448536,64687734.181885645
mono_mono,powerlaw,5.577806292641007,-14012704.879429437
AnnaLut_abs3,powerlaw,34.28554906732194,-1121085.3417655013
jshint_jshint,cauchy,1492589736.9217415,936303.217604769
sobotka_blender,cauchy,1290219599.1720557,45853348.85498077
wertklop_intellij-community,powerlaw,1.5881967557710182,1099660877.0099669
piyawad_test1,cauchy,1249203777.8106518,54603958.18480198
redhat-openstack_khaleesi,norm,1435571924.686916,18563939.544687707
benhager_benhager.github.io,norm,1510460831.219641,7229705.862803258
guardian_frontend,gamma,3.301641558326425,1324476727.6057582
crowbar_ci-tracking,cauchy,1371865213.97256,4057728.203227501
rastaman_argouml-maven,norm,1143524496.2648199,90975248.305607
reactos_reactos,gamma,8.517748888079453,751118271.875825
rabbitmq_rabbitmq-server,powerlaw,2.0576787729246258,1085827262.2419426
octopusinvitro_gitbanner,uniform,1393778106.0,603763200.0
nturaga_bioc_manifest,cauchy,1379379267.2427268,91318551.22542831
opentimestamps_nist-inject,uniform,1546853875.0,67543333.0
s7ephen_PrivacyChanges_Public,rayleigh,1441071965.6256468,469998.1451377831
gitlab.com_quicla_device/google/cuttlefish,powerlaw,2.1741091450421797,1494440283.2413645
cakephp_cakephp,cauchy,1335683317.7539723,62420490.4592887
tumblenet_TumbleSMP,powerlaw,1.4181237357669927,1531752657.6185875
dockercore_data,uniform,1608804863.0,894552.0
keum_cso_digitalocean,uniform,1459452373.0,121671828.0
wikimedia_mediawiki-extensions-Flow,gamma,1.9352674950263489,1372676103.540197
jthub_ega-file-transfer-to-collab-2-jtracker,exponpow,0.9524536745505536,1498834407.9999995
babburra_CS-125,expon,0.0,2718741.3920531925
wikimedia_mediawiki,norm,1372916331.5111072,134629925.3125113
glpi-project_glpi,cauchy,1310636066.7620084,78182395.7848507
bitcoin_bitcoin,cauchy,1523844803.7411313,40758238.44851946
enkidevs_commit,norm,1475396648.9046817,3476145.301326224
ethereum_go-ethereum,cauchy,1548314565.60187,33875910.10348558
pequet_alts-retracements,uniform,1516478177.0,71628549.0
getsentry_sentry,powerlaw,3.2746344181252693,1205603922.855752
alowell_cosi_monitor,powerlaw,1.0514240704355284,1404596512.9571657
tmtmtmtm_belgium-lachambre,powerlaw,2.834723832736981,1441039135.1933293
Aman1531_redesigned-broccoli,powerlaw,1.0366515773747627,915167951.5842052
Homebrew_homebrew-cask,norm,1495507031.3763494,73973257.85862063
AOEpeople_asdis,norm,1315399045.0285792,55596069.404483125
wordpress-mobile_WordPress-iOS,norm,1472573909.9395967,76683435.40898226
nodejs_node,cauchy,1506349781.9216993,42810127.66383727
cakephp_docs,cauchy,1547422141.8069081,11415241.215480063
everypolitician_everypolitician-data,norm,1509115400.7596443,31419407.13798098
TheBinitGhimire_WHOIScommits,powerlaw,1.300598105853969,1600200794.8741384
ssbattousai_Cuda36,gamma,1.4744735988446935,1490069269.632247
gitlab.com_quicla_platform/vendor/qcom-opensource/system/bt,powerlaw,5.240477447738197,1103012808.913632
learn-co-students_py-lists-with-maps-data-science-intro-000,gamma,3509.5545979216618,947162265.3523091
joomla_joomla-cms,powerlaw,1.8545074790873914,1097994802.5188742
laravel_framework,norm,1484634141.0983918,70942940.97399838
alexcb_dumb,cauchy,1557686539.4508114,398.67163376769327
moodle_moodle,norm,1332835970.565471,142501819.65012455
wmst_wmidbot,gamma,2.2278143165627293,1393820731.3949385
systemd_systemd,norm,1462565957.4607775,112998261.42688935
nosillnoboat_blocklist-ipsets,powerlaw,1.0171311000100096,1457641387.063861
everypolitician-scrapers_kenya-mzalendo,cauchy,1486482855.7227712,3847828.215777034
arvidn_libtorrent,gamma,21.60780927111486,795269975.3774576
Killoso_autocommit,powerlaw,1.1646629123388914,1568095021.750187
OCA_sale-workflow,powerlaw,4.277463290367482,1155714462.23662
jasperan_github-utils,norm,1544753203.3817809,38125.66620315077
foren197316_blocklist-ipsets,powerlaw,1.8935105389546871,1437082697.9753666
GitClock_GitClock,powerlaw,0.9580141548812953,1555095055.9734268
apache_maven,gamma,2.8183690185298937,1062228888.303736
mlz-ictrl_nicos,cauchy,1507261845.3691847,29098487.20294088
devopscripts_jenkins,powerlaw,0.904897460897079,1525748404.9999995
Koha-Community_Koha,powerlaw,2.3202617639242256,963134055.5391803
FirebirdSQL_firebird,gamma,2.5548520200339624,987951778.2736095
dev-segal_dev-segal.github.io,rayleigh,1605571701.4708574,697678.4163862828
daedroza_aosp_development_sony8960_n,norm,1472387536.0400655,91968215.5677098
babyshen_gcr.io,powerlaw,0.6741736236465394,1547018438.9999998
mad-science_25445,uniform,1461698275.0,854.0
jakch79_test-src,gamma,19606.823103559393,-19749893434.070587
repo.or.cz_kdepim,norm,1213242454.0291705,128985260.68318446
mono_monodevelop,powerlaw,1.2068525303909334,1127483930.7740269
pcdavid_org.eclipse.sirius,gamma,2.8999033944270183,1372374794.8685315
gitlab.com_aosp_test2_platform/prebuilts/androidx/internal,rayleigh,1556896643.5663602,6862755.640734765
git-portage_git-portage,rayleigh,996969882.3182522,169493507.14087296
eyim_indy-e3b,lognorm,1.1457139622920947,1459587291.7984238
thomasNDS_lbl,uniform,1516351898.0,90349487.0
randallho_laughing-barnacle,uniform,1535277377.0,718.0
adalenv_gitfiti_test,norm,1516101435.609498,979434.9208868217
git.kernel.org_pub_scm/public-inbox/vger.kernel.org/linux-wireless/0,uniform,1170189584.0,413765384.0
luisbtejada_test1,powerlaw,1.0115772970202173,1588847154.9198675
git.kernel.org_pub_scm/public-inbox/lists.ozlabs.org/linuxppc-dev/0,powerlaw,3.616618265955821,340620692.41179097
bitrig_bitrig,powerlaw,1.1905198610741792,813903910.2299263
IThinkImOKAY_IThinkImOKAY,lognorm,0.7554766285520879,1601868397.4668603
marcomep_subversion,powerlaw,1.3379223872826935,951831098.4145054
jenkinsci_git-client-plugin,gamma,17.49486513961834,1320261015.8373923
repo.or.cz_mono,norm,1145998183.1527112,70917512.17943683
strigazi_athena,powerlaw,1.4187428913975777,1407342863.233224
jdzs1_b,gamma,1.2594361359852009,1542292338.2761168
bert_pcb,cauchy,1302424684.8111846,26659053.325928032
Zimbra_zm-mailbox,powerlaw,1.040218111445673,1124223307.4104338
hasura-imad_imad-2016-app,rayleigh,1472950783.1704032,3915733.4491313617
cunzhen99_free99,cauchy,1507789191.5586498,1379190.6073322985
preda-bogdan_test_gitfity,powerlaw,0.9222854788327564,1529830799.9999995
processing_processing,norm,1277569739.5490665,129673704.68887834
git.kernel.org_pub_scm/public-inbox/kvack.org/linux-mm/0,norm,1379747176.850386,153574411.63499317
roytam1_mozilla-cvs-history,gamma,1.8124387231800556,887289850.296015
jacob-carlborg_llvm-svn,powerlaw,1.4547117559182503,991188097.8852296
git.savannah.gnu.org_git_emacs/elpa,norm,1209820244.1817427,218530749.69333914
twbs_bootstrap,gamma,364.79161737973186,-439218880.1630101
hhc97_commits2,uniform,1593712896.0,53911.0
Jackeagle_kernel_msm-3.18,norm,1457232282.1479578,113786572.51949994
openhab_openhab-addons,powerlaw,1.9592808912577349,1266630050.1419487
firehol_blocklist-ipsets,cauchy,1448212459.681375,1082533.5792856733
OriginProtocol_origin,cauchy,1521320907.8412268,40117189.49271332
kubernetes_kubernetes,gamma,6.020489621054338,1373416132.7135556
liancastellon_jd-trunk,gamma,1036.36099465726,-1710851272.594852
i17c_ecode,gamma,1.6634601826278164,1443178484.1490564
gitlab.com_jtojnar_clubpenguinwiki,cauchy,1281357960.15494,25967317.74444508
3nodedev_pole,uniform,1451937600.0,5097600.0
samuelc624_sp17,expon,0.0,6265554.443950457
JacksonChen666_too-many-commits,gamma,1.3423148137465644,1595261542.9514341
kmtos_DataFormats-JetReco,norm,1234180320.4416595,63994199.34586522
Anon-Exploiter_make-me-first-another,cauchy,1600840106.939869,29782.951916644903
yanzaihuai_ogate,cauchy,1483816522.2544363,1892996.4132859516
Awan_ops,powerlaw,0.5827690431536496,1608582523.0493908
freebsd_freebsd,norm,1006735596.5944622,315999208.9012725
wikimedia_mediawiki-extensions-Wikibase,gamma,2.536787216795976,1329375130.773795
syuu1228_openbsd-src,powerlaw,1.133450498091035,813962181.8889216
pbaffiliate4_repoForSettings,rayleigh,1536372696.876627,13652186.193146173
andylolz_ynmp-contrib,uniform,1521209633.0,1640.0
tmtmtmtm_armenia-assembly,gamma,22.591710899376917,1440774644.8237357
Waffiliate_repoForSynchOut,powerlaw,0.7954486674965423,1539257347.9998498
odoo_odoo,cauchy,1345320978.1916108,53636240.59000321
test-organization-kkjeer_bot-validation,cauchy,1598578328.6261368,6373415.543293075
labzero_lunch,gamma,265.43817709412895,735326527.6833477
object-logics_isabelle_para,cauchy,1313907957.4684896,95479452.65122959
learn-co-curriculum_python-for-loops-lab,lognorm,0.06920245145139242,1400375506.856812
gitorious.org_pkgsrc/mainline,powerlaw,1.6019825700371757,871916361.533973
repo.or.cz_vdsm,norm,1466975172.1764672,68680448.98788916
kraj_glibc,gamma,428.3859128662398,-3401903872.314289
wordpress-mobile_WordPress-Android,powerlaw,2.0880721288753836,1215804653.223988
opendaylight_openflowplugin,powerlaw,1.4155979645445256,1374279603.1118493
gradle_gradle,cauchy,1510176419.9654508,47896023.34175579
K5371_4,expon,0.0,5510265.436934096
beaulebens_keyring,norm,1336751449.548819,52662822.117018916
mamedev_mame,cauchy,1373709200.2869916,55500636.97271812
gelstudios_gitfiti,cauchy,1557974019.008391,10671643.010522164
CocoaPods_Specs,powerlaw,2.899808076619923,1204131128.0680642
archloong_packages,powerlaw,1.0585701497271347,1207441683.0852432
fcharlie_git-analyze-demo,rayleigh,1111278157.6591141,1072654408.3531991
spree_spree,gamma,25.349835602978537,941556436.1932906
XOOPS_XoopsCore25,cauchy,1321353376.6261363,17469117.16860663
bitbucket.org_secdo_mth,powerlaw,3.316984266954099,1599392263.5922704
saltstack_salt,gamma,8.207507201146809,1238628561.979077
marcomow_testkeklv,gamma,665.4693684703125,1413912291.468112
deadlyvipers_dojo_rules,rayleigh,1396692787.5029283,45909163.12685604
xndcn_smzdm.com,powerlaw,1.5709894967256686,1365540080.078302
coreos_coreos-overlay,powerlaw,1.4361263875292904,1255134412.9950733
g0v-data_mirror-10minutely,powerlaw,0.926032903006818,1514469965.9999995
git.kernel.org_pub_scm/public-inbox/vger.kernel.org/netdev/0,norm,1335812813.4752347,120652222.5181591
opf_openproject,gamma,13.258349826861032,987677885.187041
OpenVPN_openvpn,gamma,5.042646093895092,1010082670.595367
FentonA_scatter,rayleigh,1530856227.0997438,5776017.90513405
otiny_up,powerlaw,1.0630644965687739,1575033135.556665
Awan_simdata,powerlaw,23985999.017502487,-748824532448.3872
bitrig_bitrig-ports,cauchy,1364404231.4708986,80098392.27394931
Rancher_rancher.github.io,cauchy,1459944639.8092842,10624866.261132762
cdnjs_cdnjs,powerlaw,1.9877351278052053,1252607107.5248363
drt24_openbsd-import,powerlaw,1.096954259381309,813625275.5760205
liorkesos_mean,gamma,25.69896922683662,1189727386.2754078
Yankkk_Simple-JAVA,expon,0.0,3210641.1209753575
onegrit_Magento1.9,expon,0.0,61815228.44032032
NixOS_nix,powerlaw,15.040113127819993,146794351.41225386
noe287_reSystem,rayleigh,1535861275.1921244,4073187.3442919105
gitlab.com_kpld-webrtc_third_party,norm,1519708381.1636317,59090138.10482041
maritimerabroad_gitfiti,powerlaw,1.0447138516228285,1420127070.2719116
ValveSoftware_wine,cauchy,1472593874.1909773,67204288.22572917
sakaiproject_sakai,cauchy,1483023271.115118,63615430.749853276
coelckers_gzdoom,norm,1394785873.5922058,122429785.77391034
aldrikboy_comitter,uniform,1534151509.0,245823.0
project-draco-hr_platform_frameworks_base,powerlaw,1.4621875677635408,1224593818.227853
jelmer_subvertpy,cauchy,1230552989.7741213,46629132.572146066
SAP_openui5,rayleigh,1400945684.8752706,83316759.80861606
jimkang_land-of-contrasts,rayleigh,1514218988.904628,14696591.500686554
pcaruana_BD,gamma,4.296641926118183,1542126951.1975837
xavivars_apertium-es-ca,powerlaw,1.3325754628255106,1168597740.4955568
linux-mailinglist-archives_linux-kernel.vger.kernel.org.0,powerlaw,0.3214128406078405,1561980406.9999998
openfoodfacts_openfoodfacts-server,norm,1557471816.9997747,32435610.071731213
xheomar_xheomar.github.io,rayleigh,1444604011.848322,13198185.593207132
adamprocter_microblog,norm,1519347781.9474187,6871621.16987457
bitbucket.org_cybershadow_d,norm,1430761012.265782,91078919.45200662
collective_plonetheme.earthlingtwo,norm,1222791089.4082112,61953383.65707574
vermaneerajin_editra,norm,1161481215.6195743,126585953.52519038
ElderDrivers_Repository-Website,powerlaw,1.0257716989866505,1548863075.7877893
5d2_files,cauchy,1598902846.4107063,701839.8733364404
scm-ninja_starter-web,norm,1521932519.8680773,38443857.07571692
ravendb_ravendb,gamma,398.5857758134332,-456480604.82177734
dwillis_randpaul_donors,powerlaw,0.9479535993514223,1443112338.163351
p8499_boost-type_traits,rayleigh,946447026.6793153,260874138.10855424
sahil28297_erpnext,powerlaw,2.1692968760199323,1283845880.987364
pagure.io_launchpad,rayleigh,1089778232.0031948,147006244.41833845
fikrado_go-,powerlaw,0.9186040359449109,1578114360.9999998
getlantern_lantern,gamma,92.08931802204458,806874138.4768332
GNOME_gtk,powerlaw,2.522258807720654,770587313.7467504
weather-ko_weather-ko.github.io,cauchy,1613849911.6539168,178665.82803412486
git.kernel.org_pub_scm/public-inbox/vger.kernel.org/lkml/6,powerlaw,1.3253755741501712,1517198163.370844
one-million-repo_one-million-repo,uniform,1548554427.0,41775.0
jasoncalabrese_indy,powerlaw,3.8848142919081656,1438813897.291974
FreeCAD_FreeCAD,norm,1476341409.8153784,94275392.10046609
0vn_gitb,rayleigh,1567350236.6008568,7378202.3377693845
jakirkham_feedstocks,powerlaw,2.120230847648143,1452388915.016632
phpbb_phpbb,cauchy,1374138175.1550121,75208007.27787425
RLovelett_qt,cauchy,1274587627.6557999,33177617.19142406
hdrky_mozilla-central.fgv,powerlaw,0.995459692713327,891052420.3414736
mmbase_mmbase,norm,1172293563.1046925,92663629.6727617
ManageIQ_manageiq,gamma,4.803969818883868,1382598284.2890704
midonet_midonet,rayleigh,1406279752.9487207,35928987.75669642
smaslennikov_whattimeisitrightmeow,powerlaw,0.9655038897922137,1505670329.9999998
dongs365_docker,powerlaw,2.7834173393809403,1536170305.6614914
aibasel_git-downward,cauchy,1445107154.770335,43283047.91667801
doctrine_orm,powerlaw,1.7326917851907755,1064926991.1463878
micahyoung_citibike-data,powerlaw,0.9996788513953534,1413423886.9999998
git.kernel.org_pub_scm/public-inbox/vger.kernel.org/lkml/1,powerlaw,1.0992331962572448,1167715939.6139812
mirror_cygwin,rayleigh,912238966.0925308,182567724.76993027
topcoder-platform_tc-website,cauchy,1171934890.0781593,45480746.42849524
kiang_TainanWaterMap,cauchy,1535970414.9650292,11143050.69445101
fuchsia-mirror_zircon,gamma,21.84897715631803,1358986710.845952
regforums_Synchronizer,cauchy,1553374120.090188,80982.2794280295
gitorious.org_netbsd-mirror/srcsys,powerlaw,1.1970397391820986,732677583.5979204
alrieckert_lazarus,norm,1287044929.2127025,138445858.79947013
jlord_patchwork,gamma,4.444534232526292,1374671177.792589
caolan_async,norm,1445242961.7679708,87166886.91473718
JavaOPs_topjava,norm,1521243035.1174848,36694734.06533171
dockercore_tools,norm,1608044175.8448586,262258.1615292095
kai7p_wordpress,cauchy,1385334090.6549757,57577452.469758004
bd808_profile-life,rayleigh,1344569899.4343116,65281176.2075763
cshore-history_openwrt-combined,powerlaw,1.4547409197247085,1036755110.9898903
axbannaz_Middleware,rayleigh,821240644.9548614,212994728.0976423
simple4098_doms,norm,1449611023.8597631,17658141.731903918
rdpeng_ProgrammingAssignment2,lognorm,0.6939191515310081,1385052036.0954182
git.kernel.org_pub_scm/public-inbox/vger.kernel.org/linux-media/0,powerlaw,1.0589450312477493,1202006716.8661857
arnt_qt-history2,powerlaw,2.2255521976705577,748851137.0901794
raspberry-commits_bedroom-temperature-api,powerlaw,0.9941710695398587,1583268006.9999998
supermobiteam2_Tizi,powerlaw,1.9632824422973714,1527555866.347561
git.kernel.org_pub_scm/public-inbox/vger.kernel.org/netdev/1,powerlaw,1.0424807814682724,1509619949.1996818
edx_edx-platform,rayleigh,1317832372.396043,108208565.06410676
s1tgaming_s1tgaming.github.io,powerlaw,2.1979619935202823,1452936439.3571243
Netw0rkLan_AsteroidTrackerService,cauchy,1548628242.67955,27249490.286846194
tensorflow_tensorflow,norm,1539616543.47835,41499726.04444476
eclipse_sumo,norm,1358095994.646628,148707406.44821945
gitlab.com_nextcloud_server,norm,1437861729.2425659,103720754.08102559
Anon-Exploiter_make-me-first,cauchy,1599835367.1088157,51343.535960295085
test987987_test100,powerlaw,1.954072415580222,1519702590.7312675
android.googlesource.com_platform_superproject,rayleigh,1490153005.330147,50157766.16754151
repo.or.cz_dnsmasq-china-list,cauchy,1555951648.2166471,29116817.801480643
mattermost_mattermost-server,norm,1531907351.5833168,58527902.98623065
apache_beam,rayleigh,1443658889.1694005,64606019.7201609
dustymc_arctos,rayleigh,1167305011.5524802,151339328.21833563
yocorn_commits,rayleigh,1557055899.3827178,93709.53917918625
Parkboyoung11_Kirito,expon,1532243610.0,9193305.658322811
koding_koding,rayleigh,1334460312.605949,66354389.37952598
feedarchive_freenode-newsbot-live,powerlaw,1.146084570576837,1592440358.875248
Azure_azure-sdk-for-java,powerlaw,6.575215107498856,1113441146.810749
fsobrado_serenity,powerlaw,1.213347864921352,1306419788.9028025
eclipse_osee,powerlaw,1.9287257337799346,1178426352.4332314
Quentin-M_pacman,expon,1494183600.0,17795189.635908365
jave_xwidget-emacs,norm,1087578276.4980857,175790688.2023886
ansible_ansible,cauchy,1514620846.7419372,40956498.849037305
jikker_lineage_monitor,powerlaw,1.074211016564266,1475811268.554156
gitlab.com_gitlab-org_gitlab-foss,cauchy,1552984140.9928963,29023963.86164087
udacity_create-your-own-adventure,gamma,55.724060454303,1181633722.0221324
multicharts_scanner-check,powerlaw,2.087981842430861,1466836000.7746062
simoncozens_libtexpdf,gamma,16.525721937274902,956429266.4846663
pk-codebox-evo_ide-eiffelstudio,gamma,578.0653939092367,-2812940019.167659
download8866_Tortoise-SVN,gamma,3.3855042731251412,1028875867.5410395
galaxyproject_galaxy,norm,1476525436.82171,85276575.34050338
sunwookimiub_test-results-analyzer-plugin,expon,0.0,50100829.89043994
Waffiliate_repoForSynch,powerlaw,0.8257100247420643,1539204847.9999995
opendaylight_controller,powerlaw,1.0444752126357206,1363952703.753282
pandas-dev_pandas,powerlaw,2.8159024949505875,1221768633.335154
me-stevens_gitbanner,uniform,1393778106.0,603763200.0
informaticaqa_newrep,powerlaw,254727.6191902266,-673188886703.0632
NRYAN15_dfdsf,expon,0.0,5157820.644946821
uzair1990_SVN_BackUp_S3_Artifacts,norm,1462059745.4655023,13144084.33144565
Nexedi_erp5,powerlaw,1.6556385153898094,1039527177.6523796
miksago_icecast,gamma,23.452399751266668,689359436.0907274
smogon_pokemon-showdown,norm,1499651297.7762632,77700877.64685777
Lauwenmark_crossfire-server,norm,1248149982.1801696,105399695.50354111
pbaffiliatetwoop_repoForTest,gamma,1.6935031809820962,1465965960.606344
symfony_symfony-standard,cauchy,1406331682.5220299,55463110.94864535
19h_heartbeat,norm,1451705225.2990217,32301859.51133758
CleverRaven_Cataclysm-DDA,powerlaw,1.923762983098937,1285819114.0491037
sunaidream_sunaidream.github.io,powerlaw,1.1522169796471213,1614416150.8671072
aimementoring_website,norm,1585306945.4171076,4546347.395772792
stephenmcd_mezzanine,lognorm,0.14908785315026662,990724661.0166123
git.eclipse.org_r_papyrus/org.eclipse.papyrus.git/,cauchy,1459506259.162443,33585579.770178095
ISTweak_android_bootable_recovery,norm,1469302950.339676,81837195.40722306
salsa.debian.org_webmaster-team_webwml,gamma,3.2912202637595964,887991731.6208572
DojoRally2019_DRW,powerlaw,0.5529174583421494,1573900028.1909404
git.kernel.org_pub_scm/public-inbox/vger.kernel.org/linux-fsdevel/0,powerlaw,1.9433015051968643,1012005864.1690729
nya3jp_tast-tests,powerlaw,2.724914684768075,1505425946.5776873
pmn4_heroku-buildpack-rails-node-python,norm,1480212334.025525,69052824.53259495
mztaylor_myplan,powerlaw,2.9203940103491837,1173157780.4441965
symfony_symfony,norm,1364363032.192652,167184766.258273
mmistakes_minimal-mistakes,norm,1519390498.8755233,60731528.651245646
saqib-ali_hivemined,cauchy,1568038756.060855,4215666.842108786
git.kernel.org_pub_scm/public-inbox/vger.kernel.org/lkml/7,powerlaw,1.008277335774928,1551308624.6599126
rayjim_boost,norm,1186124222.626608,108679428.33091997
wxWidgets_wxWidgets,rayleigh,872463401.4644071,241845021.29541403
LineageOS_android_hardware_qcom_audio,powerlaw,72161770.23594838,-8996246482095607.0
frugalware_frugalware-current,rayleigh,1094873404.424222,199287114.27670228
francocorreasosa_commiter,cauchy,1425755242.5115707,9167.022454507032
jasoncalabrese_indy-e3,powerlaw,1.1440097464317744,1455961390.5161602
sjqtentacles_github-autocommit,powerlaw,1.0429378216075986,1579331717.4535904
g0v-data_mirror,gamma,1.9349072861119931,1373435184.8113422
Enlightenment_efl,norm,1425141333.890362,118641753.34741452
bitbucket.org_jeroendr_meat-demo-deployments2,norm,1545043860.8895848,39899933.0549353
dapplion_Ethereum-Mainnet-Blocks,expon,1584286777.0,44101.02249956131
triforcecoin_triforcecoin,norm,1559482904.8260717,8523530.13937694
sunnyden_reactos,gamma,32530.143796885983,-22038998932.4402
frankbaele_temp,norm,1603028622.4686966,1272396.5404053787
zeit-github-test_github-e2e-tests-dev,powerlaw,2.7934129773126237,1548884569.3468332
daattali_beautiful-jekyll,norm,1521806054.8889377,50147104.91690142
drupal_drupal,norm,1404058016.1635017,123527937.21924919
bcgov_dbcrss,gamma,14544.872247607986,-2577788215.4281626
szhou2015_gatethree_trunk_test,norm,1367635134.2294219,35162888.33316615
gitlab.com_aosp_test2_mirror/superproject,powerlaw,1.131131490484206,1493749587.4809542
CGAL_cgal,powerlaw,1.8166379170921974,807850935.1706927
speedtracker_speedtracker,norm,1532585400.3998861,23248524.21771501
ashking_phnest,rayleigh,1393909937.8313906,19912847.03593329
videolan_vlc,powerlaw,1.9486204949169519,933692701.2178457
jasoncalabrese_indy-jan16,gamma,0.9378495620002766,1453014857.9999998
yaohuangguan_yo,rayleigh,1545626046.979378,2752771.3128033034
apertium_apertium-html-tools,norm,1350130811.273307,78977846.88654388
salsa.debian.org_users_joeyh_d-i,gamma,144.93832035137285,511001335.08906436
openbsd_src,rayleigh,787267527.6589149,298940447.08924097
tork-a_jsk_3rdparty-release,gamma,0.6119055906940756,1434681764.999415
lorenz_jitsi-monorepo,powerlaw,1.124483737749859,1087967963.630493
jgreef2_test,rayleigh,1440611172.3184454,10252.105480314709
web-platform-tests_wpt,powerlaw,12.74941412668262,-18757169.890690163
mozilla_bedrock,gamma,21.04922878062044,1016775786.3526955
norvek_laravel,powerlaw,1.21212074148491,1288617075.012396
MonetDB_MonetDB,gamma,6.738115944570982,886788732.1407971
xi_github-lit,gamma,61.49998876221699,1500931773.403192
nlucas2_BetaStampWebhooksTest,rayleigh,1533949764.0611737,32102389.409280233
agrosner_DBFlow,norm,1519494855.2102876,35702237.9328632
LineageOS_android_frameworks_av,cauchy,1556654884.0452023,28702570.862588156
jdzs1_cbzs.github.io,rayleigh,1532267595.3656285,8098049.430211614
jyc99_testv,norm,1531771848.6663918,6247836.721508326
anuditnagar_millionaire,powerlaw,0.054484863220252616,1554966932.9999995
openSUSE_kernel-source,powerlaw,13.11666004039142,-419140437.9674196
bitpay_bitcore,rayleigh,1372500647.3160205,90927785.79985675
crawl_crawl,rayleigh,1184231192.5087392,163953403.7838291
TestToJava_covid-19-india,powerlaw,1.2650866368188287,1585738372.9726734
Phantom-Blue_phantom-blue,gamma,842.6590104097479,491860554.13535583
codeix_z3c.recipe.dev,norm,1131159536.849867,93171403.89854069
jocelyn-draft_ignore,cauchy,1511207466.1184661,1029400.9348409991
guadguadt_up,powerlaw,0.8132640580914337,1554707120.9999995
EugeneYilia_EugeneSignIn,uniform,1532982272.0,4439998.0
biorealize_biorealize.github.io,cauchy,1581264130.4928648,754494.2249353359
eclipse_linuxtools,cauchy,1383046718.543713,21479130.256127514
zm9913_maven-db-plugin,norm,1288304092.9110177,20658757.11266998
jeongminkim_jeongminkim.github.com,gamma,539.3881616068402,1526790979.4120293
simonAllier_benoit-exp-result,cauchy,1445080947.6714306,1881317.30055069
dolphin-emu_dolphin,cauchy,1536742799.0661545,34303301.72122583
donno2048_stretch-test,norm,1601661302.7032423,63436.89347004842
freebsd_freebsd-doc,gamma,4.742035684484936,721292911.0634677
pohly_chromiumos-overlays-board-overlays,powerlaw,1.2528525722298876,1265008306.189406
ucscGenomeBrowser_kent,rayleigh,975981605.5789415,245721810.3295606
scylladb_scylla,norm,1519162024.9689589,53540703.73290753
gitlab.com_tikiwiki_tiki,powerlaw,1.4901243684687708,1033442039.6127236
btopt5_idepairline,powerlaw,1.1453790842374985,1551947724.152052
repl-electric_sonic-pi-history,uniform,1413570050.0,124573125.0
kszucs_crossbow,powerlaw,1.7353509981904924,1526851219.3715782
openstack_horizon,gamma,56.198597198348025,1010355905.8047009
auto-program_vendor,rayleigh,1350034991.484967,102560300.66248442
Kitware_CMake,norm,1280797977.8641264,189758899.40611908
jruby_jruby,powerlaw,1.4348363573641443,994073162.0155993
git.kernel.org_pub_scm/public-inbox/vger.kernel.org/lkml/4,powerlaw,1.170674139094229,1420413062.0344062
geos4s_realtimegis,powerlaw,0.8598433398245634,1520158578.9999995
bloomberg_chromium.bb,powerlaw,4.673954640279915,618760070.8594165
civicrm_civicrm-core,rayleigh,1337855637.1131928,104211510.42052373
ncatlab_nlab-content-deprecated,expon,1504202198.0,36393.27429962158
swedishtechevents_swedishtechevents.github.io,cauchy,1591809083.5630846,5135531.00635335
ampproject_amphtml,norm,1537211033.9889286,44403064.61678192
binary-com_binary-static,powerlaw,1.5499823579226117,1395631222.1346164
sipwise_ngcp-panel,cauchy,1474326977.2146988,25190282.159340873
ssbattousai_Cuda12,powerlaw,1.021111992925134,1458836915.8971868
Cutthroat413_markdown-portfolio,powerlaw,1.6889251926517201,1518528632.5814235
project-draco-hr_consulo,norm,1262754985.419123,79064835.55454648
chromium_chromium,cauchy,1500772138.7301419,33517748.05359839
google_skia-buildbot,norm,1538715776.4426153,44804453.645661354
ICGC-TCGA-PanCancer_ceph_transfer_ops,cauchy,1457094117.841208,4905805.390347727
gitlab.freedesktop.org_mesa_mesa,powerlaw,3.384074000382604,856537925.2250724
openbsd_ports,norm,1282495677.6930754,169117238.29842302
girish-io_RepoWithALotOfCommits,gamma,1.7371055106943945,1610559959.597499
Arkhtyi_Discrete-structures,expon,0.0,6630093.957350273
pfsense_FreeBSD-ports,powerlaw,1.6304305430809252,750352488.8234514
gitorious.org_openoffice/mirror,norm,1118516821.095349,73273473.1535554
surmon-china_nothing,cauchy,1461534842.278851,68009.47876428283
ClashProducts_wordpress553,norm,1363759820.3617098,133609209.6657023
ywei2015_myproject,exponpow,0.1552438198515752,-6.085697481132671e-19
hakrtech_openbsd-src0-test,powerlaw,1.1277546700420071,813979550.7178316
freeCodeCamp_freeCodeCamp,cauchy,1539920304.2653997,23216078.430776082
facebook_buck,powerlaw,2.4320334168701314,1223420023.4218524
kerim_microblog,powerlaw,1.3960496696493463,1517769450.8107257
electron_i18n,powerlaw,0.9780673699369482,1494682487.1416812
repo.or.cz_netbsd-mini2440,gamma,1213.07888143728,-3836232706.9089994
NixOS_nixpkgs,powerlaw,2.7034342256416988,1024422663.7976222
ebezault_EiffelStudio,norm,1094306849.048268,165665599.43316028
enricemcorro_enricemcorro,cauchy,1584028034.6124716,267246.66481366515
openshift_origin,gamma,905.8468392773648,-66556364.496377215
ssbattousai_Cuda13,norm,1461070295.8431556,1192416.265735888
OSGeo_grass,norm,1379010359.8997438,95982937.66228536
wikimedia_apps-android-wikipedia,rayleigh,1376734982.511176,84043166.6986588
LambdaSchool_Graphs,gamma,840.2319662925231,940057959.3399155
git.kernel.org_pub_scm/public-inbox/vger.kernel.org/git,exponpow,0.12974608646013489,1466030511.9999998
edquist_osg-twiki-backup,exponpow,0.86530694887741,1526327213.9999998
0xrabin_commitsbro,cauchy,1605514745.4162807,5874.225635951088
Intel_luv-yocto,norm,1418778281.4532046,123899351.25013658
stoupoun_p2-breathe,rayleigh,1376924275.3878047,59800160.48228903
eugene-matvejev_1kkk-commit-repository,norm,1487901065.750302,146316.3168021166
lammps_lammps,gamma,43.454404950814734,671256655.5944052
jasoncalabrese_indy-e4c,powerlaw,1.0214668895695798,1488207059.3150706
kraj_binutils-gdb,gamma,1723803.17557549,-252714990192.44165
udacity_frontend-nanodegree-resume,norm,1486208598.121576,41307235.49448251
mcmult_lustre,cauchy,1374986433.9636383,72889929.85077174
ikasunsa_www,rayleigh,1529578553.7640374,9684139.277482903
ishvaram_hackygbit,cauchy,1532579139.0562065,10276573.802630825
tmtmtmtm_nigeria-national-assembly,rayleigh,1472284300.374544,27275520.67263411
8emezzo_8emezzo.github.io,powerlaw,0.9858873922244094,1555327120.9999998
appcelerator_titanium_mobile,gamma,2.7198704362688932,1241414467.6439915
crowbar_crowbar-core,gamma,1.65070550813017,1310828340.3937676
radhaisme_anticlergygang.github.io,gamma,391.6842619086673,1471382928.3310862
AmartyaU_WordPress,norm,1366029838.380952,130992241.04767416
DragonFlyBSD_DPorts,powerlaw,0.8113311862623793,1351511974.9999998
tmtmtmtm_tanzania-parliament,powerlaw,3.4463940947981566,1430126234.5630195
EnkiChen_webrtc,cauchy,1511752709.6651638,11414562.274921108
jenkins-x_default-environment-charts,norm,1566178481.2220974,19061563.413030744
eigenteam_eigen-git-mirror,cauchy,1551706484.0554383,14179610.62626419
gentoo_gentoo-portage-rsync-mirror,powerlaw,1.4152777072882436,1356587565.7567496
dimagi_commcare-hq,powerlaw,1.9832956767207965,1229933418.350296
apple_swift,cauchy,1478885028.358523,65109907.312812716
root-project_root,powerlaw,2.2644080294768356,899527284.4532282
fharbe_unix-history-repo,norm,562759176.7799617,157838818.9703976
ILIAS-eLearning_ILIAS,powerlaw,1.2142107696221798,1026546941.376441
ckeditor_ckeditor-dev,cauchy,1518178746.3098865,40667519.22151586
spryker_demoshop,cauchy,1547757073.0864873,26813795.840010125
invent.kde.org_system_dolphin,norm,1196978486.9030027,163132066.61615723
git.savannah.gnu.org_git_mediagoblin,cauchy,1502298535.2889352,30496578.806029074
NickeyWoo_wiki,cauchy,1423709325.9059067,8272049.804615384
gitorious.org_netbeans/main-silver,cauchy,1229035146.8225367,35596035.380143575
dingpengyu_screenReaderTranslations,powerlaw,2.3418473565945144,1172844605.8686857
mongodb_mongo,norm,1369722470.7694397,137318178.86718774
apache_lucene-solr,gamma,467.33534657875407,-1141238605.7068515
tootsuite_mastodon,powerlaw,1.4878260530372107,1456003384.660427
WenhuaChang_openSUSE-grub2,cauchy,1300746304.7944317,66787894.30437288
jpark2383_MP2,expon,0.0,10150606.451034768
ZIDAN44_linux-stable,norm,1264448848.3283775,70717487.26209868
teisam_teisam.github.io,powerlaw,1.0011350251429416,1519126082.2809467
gentoo_gentoo,gamma,4.0367418411773475,951162626.1461525
git.kernel.org_pub_scm/public-inbox/vger.kernel.org/lkml/2,powerlaw,1.1218921065593133,1267474996.5952194
MicrosoftDocs_azure-docs,powerlaw,2.155745585001586,1325381979.1722524
vanzin_jEdit,norm,1207937923.9362464,125059551.65139548
gitlab.com_szzdlab_ntdtv,norm,1571036684.6102405,1009216.330969232
varunsridharan_fun-automated-commit,norm,1594193126.1891148,27087.881710051915
escottdexcom_indy-e1g,powerlaw,1.0651227766952331,1470046917.4322758
opencollab_scilab,norm,1299839809.6716213,117189930.51416446
daenuprobst_covid19-cases-switzerland,powerlaw,1.1927240322013015,1584017144.1330895
jspaleta_why,uniform,1590626483.0,1908.0
samba-team_samba,cauchy,1225904919.4545474,106116214.36503313
marco-c_gecko-dev-comments-removed,cauchy,1578077946.1275282,242881.08131655212
jthub_ega-file-transfer-to-collab-4-jtracker,exponpow,0.8675349944877291,1498855918.9999998
xen-project_xen,norm,1291659114.1579826,152434867.66680095
geos4s_18w856162,powerlaw,1.0383238148122595,1543304257.0225184
batchpause_PAUSE-git,powerlaw,0.8155789231771902,1333188513.9999998
comitterman_testrepo,norm,1474327809.6962562,20457.362974953066
gitlab.com_THT-INC_git-plugin-tests,rayleigh,1496394951.487016,46943046.89892453
alisw_AliPhysics,norm,1337443847.299195,144655768.88452733
gitlab.com_techdemocracyresearch_mosip/mosip/registration-old,rayleigh,1534313919.2013474,19118989.52353764
Unity-Technologies_ScriptableRenderPipeline,powerlaw,3.22635204525473,1367013632.4738717
gitlab.com_quicla_platform/packages/apps/Mms,gamma,41.52533351885216,887192203.7374018
xcaq_xcaq,powerlaw,0.8104260859515318,1594547751.9999998
spirosmastorakis_CFN,gamma,1.6522584269020226,1155982402.457314
git.kernel.org_pub_scm/public-inbox/lists.infradead.org/linux-arm-kernel/0,powerlaw,1.5409001150435095,1234271994.901966
m1ha5_testing,powerlaw,1.483247591212018,1563678604.7075415
crosswalk-project_blink-crosswalk,norm,1313023776.3467717,84684254.63237098
starseeker_git_conv_test,cauchy,1284163568.7956884,143317119.56610173
asimamalani_gitfiti,rayleigh,1553391321.2721143,6674896.456039705
chapel-lang_chapel,powerlaw,1.2245583077867703,1074460906.4420462
idevat_trac-tags-plugin,norm,1306825703.2433383,80950680.27830659
learn-co-students_debugging-with-pry-v-000,norm,1539878454.0170293,33415753.79115802
dotnet_roslyn,powerlaw,1.4835657904050157,1394925150.8486702
Homebrew_homebrew-core,norm,1520684716.049252,63307033.072831064
boostorg_boost,rayleigh,950337148.3259642,191851618.52610755
hedgespin_sensor_data,powerlaw,0.8485206006414929,1523448740.9999995
mleoking_PhET,norm,1254322581.3062484,76294585.1078383
simonpcook_llvm-clang-submodulerepo,powerlaw,1.8034824338663462,985098782.60988
opendaylight_integration-test,gamma,10.711946097832175,1371500241.5766246
opendaylight_ovsdb,gamma,65754.24461468909,-9513111776.2215
blipvert_macports,norm,1291850885.451398,111601462.02292092
joegen_opalvoip-opal,gamma,13.554219958002802,793261510.1742573
tcltk_tcl,norm,1301759047.180801,173207796.70220202
qgis_QGIS,powerlaw,1.6963645274233459,1022257786.2350006
emilianbold_netbeans-releases,rayleigh,1108296863.4232068,130569919.52487928
LibreOffice_core,powerlaw,1.28732856643662,967243988.8002965
thomas-moulard_test_repo,cauchy,1567457278.3991003,28063577.982396364
ThePiGuy0_android_device_motorola_msm8226-common,gamma,230.56245682072927,444488666.33421254
gitlab.com_fancycode_mirror-opalvoip-ptlib,cauchy,1051010138.3994696,68558645.74648646
Bsaliba_InductiveMiner-Prom-Plugin,powerlaw,1.506190983333625,1289293338.9603145
mad-science_6178,uniform,1461699536.0,925.0
dotnet_docs,norm,1540010151.2539198,45788709.454430215
himobi_hotspot,cauchy,1585289626.610907,10996755.758688033
gitlab.com_unofficial-mirrors_libreoffice-online,cauchy,1582940105.2853823,17192333.888045624
qinwang_R,gamma,49.0405517162681,-49015254.36437244
salsa.debian.org_webmaster-team_tests/test_webwml,gamma,2.899424813183537,883982965.4835947
pingcap_tidb,powerlaw,2.002573034409324,1431609480.7196698
leigh123linux_mplayer,rayleigh,952138448.5052534,175909700.96954712
foolip_ecosystem-infra-rotation,norm,1541360414.0443156,9442281.890147833
kiang_pharmacies,powerlaw,0.9934565956917272,1580815359.9999998
anongit.kde.org_calligra,norm,1210352906.1391697,147061084.42405936
OTRS_otrs,cauchy,1270705994.0220704,72854330.6234993
joseedil_ptolemyII,gamma,2.819860226703581,838525688.6058486
77kumiya_nju_ics,powerlaw,1.0314427492637155,1502547956.284452
bitbucket.org_mukolwemike_crims,norm,1510758307.5469604,19942871.122930624
mjdescy_mjdescy.github.io,powerlaw,1.085295032938003,1515034183.0870018
sujitroy_X00TD_aosp,powerlaw,17.531028791284292,-622903296.096031
Uintah_Uintah,cauchy,1084851768.2586396,78144141.1015639
camille1113_cs126,expon,0.0,5523706.007947849
jbossws_jbossws-common-tools,norm,1295118460.1959772,111601152.20713346
apache_spark,rayleigh,1342633339.337279,106803205.61209863
facebook_rocksdb,cauchy,1535859077.030861,33235957.031343132
MilJ19LF_releng-builder,gamma,13.188998283623455,1331177470.989097
Bronnyl-Dias_innovation-funding-service,cauchy,1488853530.7216578,15154545.509677252
PhoneJ2ME_lime,rayleigh,1156306254.521385,39801016.42035682
microsoft_vscode,powerlaw,1.302226245278296,1446139123.9908416
gitlab.com_lfagundes_tiki,powerlaw,4.251009981412839,838039229.5803723
lesthack_dailyupdate,powerlaw,0.5664998288695107,1459982561.9999998
ImageMagick_ImageMagick,cauchy,1353893510.584103,37849588.611824535
s4l1h_mmc,powerlaw,1.2438251598096735,1388241844.9865675
JTuwiner_bitcoinclock,powerlaw,3.7706380845417486,1529136408.4484463
neo4j_neo4j,powerlaw,1.4415138926210407,1179866317.0125985
jonchang_homebrew-core-sharded,powerlaw,2.939432076560779,1198107780.514237
material-components_material-components-web,norm,1523436277.066721,46790201.16243542
saby_Controls,powerlaw,1.6534542881909533,1409545613.4294686
suttacentral_bilara-data,norm,1598621579.793637,10885398.37758131
scala_scala,norm,1305940029.6581283,142856234.2553996
spacewalkproject_spacewalk,powerlaw,1.2422274931677908,1210258908.327049
ELTE-DH_speedtest-cli-results,powerlaw,0.9503718204268188,1601899067.9999995
matplotlib_matplotlib,powerlaw,1.4145188315507342,1052232759.3527164
refade_refade,expon,1506558068.0,1988321.1217093468
bitbucket.org_atlassian_atlaskit-mk-2,powerlaw,1.099580242922141,1463352170.0263453
TheDimPause_thedimpause.github.io,norm,1514730499.471768,11381213.069214677
JGRennison_OpenTTD-patches,cauchy,1279997694.7472734,69475723.2642715
crypdick_climate911,uniform,1538406000.0,25228800.0
Lothiraldan_cvs,norm,1364808345.370054,136793811.91262144
MarlinFirmware_Marlin,norm,1501806236.9181552,68166723.69843376
0532_HT-Contributions,powerlaw,0.6134775042660818,1419132643.9999998
stan-dev_stan,gamma,2.236230735606947,1313425402.7504473
hashicorp_terraform,rayleigh,1404503195.2619426,75321571.33168556
wikimedia_parsoid,gamma,8.513032521581767,1262261843.7438087
moppspace_moppspace,powerlaw,1.9772126400047405,1556423609.2484603
zendframework_zendframework,cauchy,1357103111.297039,31998450.82745775
tmtmtmtm_afghanistan-assembly,gamma,62.35916453985743,1366501816.3415818
toxtli_deprecated,powerlaw,0.9036938188815506,1483289999.9999998
aws_opsworks-cookbooks,cauchy,1354588119.146935,18504593.535942636
denis-gz_qtbase,powerlaw,1.0247274658575276,1268666171.5663934
Azure_azure-sdk-for-net,powerlaw,4.042430416453419,1300194709.4781647
pbaffiliate1_testRepository,cauchy,1526092646.725865,24794608.250849552
eclipse_jgit,rayleigh,1249219789.3673024,145989487.05713508
ARMmbed_mbed-os,cauchy,1536024213.3089921,27300450.595296722
mrkrstphr_illacceptanything,rayleigh,971219382.8956984,278241728.9446848
Dawjaw_TechnoPingGood_XP,powerlaw,3.596935996646902,1583913243.541257
bitbucket.org_abpccs_skyline,powerlaw,1.5222650361500714,1328715490.6919985
elastic_elasticsearch,powerlaw,2.2042525492019847,1229379595.9206119
SemanticWebBuilder_SWBSocialBundle,rayleigh,1202215294.0474155,95624729.09169294
gitlab.com_gitlab-com_www-gitlab-com,rayleigh,1289648061.74001,141919562.97918847
magento_magento2,norm,1465821792.0347183,92992915.725181
astropy_astropy,norm,1480731846.3458664,86605702.09177396
openstack_neutron,gamma,273.02945341332065,488676144.12052345
ghzmdr_i-want-that-shirt,cauchy,1414508333.4087343,1218.9538745559078
P79N6A_gecko-dev-comments-removed,powerlaw,2.000532751199759,1563815360.9761362
ynnsn_weather,gamma,313.32686215315266,1223476024.1757336
testingcomit_testingfake,powerlaw,1.021410068073,915190220.7657654
flutter_flutter,powerlaw,3.9089638293045272,1311302587.614086
electron_electron,norm,1518650271.7712212,49423148.80484614
MyProgrammingStyle_hotspot,norm,1365152603.0060337,77271353.07230362
ncatlab_nlab-content,cauchy,1505645354.4280138,37022.66143600161
sujaypat_cs241,expon,0.0,28525936.6773077
coolanant_24hrs-automated-commits,norm,1563411761.2075956,223285.6335117373
vt-alt_specs,lognorm,3.034559429892579,1519662724.682876
yedaoq_icu46,norm,1336037418.7601023,50544935.30718046
ssbattousai_Cuda15,uniform,1458836968.0,4352068.0
PX4_Firmware,norm,1488854863.7081857,72715873.2808311
jthub_ega-file-transfer-to-collab-5-jtracker,exponpow,0.8958570923839422,1499362280.9999995
zeit-github-test_github-e2e-tests,gamma,7.450114628143778,1545843798.7016268
tvdijen_krb5,norm,1177283705.0327153,119641224.14611122
facebook_react-native,gamma,65.32706454619188,1059910727.2641284
GreatFruitOmsk_pyobjc-mirror,cauchy,1523595536.0541697,10544568.009272695
arco_samsung-kernel-msm7x30,cauchy,1425194292.2832758,38412688.40917737
gwuhaolin_adbot,powerlaw,1.0993378329410408,1517391489.2135746
fossgis_www.openstreetmap.de,rayleigh,1168579216.7639709,68488114.67593472
fuel_core,gamma,15.756102770341354,1079259086.2243633
hassy_productivity,powerlaw,1.6737796632229713,502858030.87104857
Homebrew_homebrew,norm,1383161429.929048,57408449.0859274
svininykh_freeciv-translations,powerlaw,1.3592189557549545,886971123.7250619
ad-m_wordpress-i18n,cauchy,1479389890.7049694,20641439.15842292
apache_camel,powerlaw,1.8522365488180448,1147469343.076311
grpc_grpc,gamma,10.358999850161371,1325451779.2907276
0x0u_kusamori,norm,1560867498.4128804,3935.0231547637886
RocketChat_Rocket.Chat,rayleigh,1421219700.59547,73498489.38857146
git.kernel.org_pub_scm/public-inbox/vger.kernel.org/linux-bluetooth/0,cauchy,1358110850.5222216,75801057.65382612
python_cpython,cauchy,1297013529.1642256,114309900.3227345
kaapow_kaapow.github.io,powerlaw,0.8017171268628822,1524243222.9999995
UIUC-PPL_charm,cauchy,1507210440.435043,32967819.87300664
gitlab.com_iabak_shard3,powerlaw,0.863510863317783,1428969799.9999998
jritorto_csrg,powerlaw,1.0163623043578638,313199806.8479885
papyri_idp.data,powerlaw,1.4849554795847753,1227537606.7891197
timhuynh94_231AS,rayleigh,1558116208.3306823,1289091.7897751548
fink_fink-distributions,rayleigh,998159784.6487226,191065753.2743239
opendaylight_bgpcep,powerlaw,1.1897725770156957,1374183380.35248
pbaffiliate1_repoForTest,powerlaw,0.9097445226683629,1422375654.9999998
fairynut_sslchallenge,powerlaw,0.9869151673589354,1476599882.9999995
hmcts_cnp-flux-config,powerlaw,1.857641293729103,1551173511.2273011
uhramovich_old,cauchy,862526256.027331,9276918.128128469
repo.or.cz_docutils,gamma,1.2136351292668923,1017085408.7944136
TalibAzir_AllahPadishah,gamma,2.184619094440617,1504995032.4824414
qmk_qmk_firmware,cauchy,1547904928.961822,26320995.528795555
bitbucket.org_lindenlab_viewer,gamma,5.218331952575471,1163559030.254164
cocos2d_cocos2d-x,cauchy,1389739550.7194598,29093967.635691367
snapcore_snapd,gamma,11.851328268891297,1359330293.0992916
sandsmark_scp-wiki,powerlaw,53669893.28136966,-3071756652145367.0
jyknight_llvm-monorepo-old1,powerlaw,2.0504258132767585,974671606.2174561
GNOME_gimp,powerlaw,1.6238607157580183,849824983.2918556
GNOME_gnome-shell,powerlaw,2.526433961181869,776426665.1619639
zephyrproject-rtos_zephyr,norm,1543243512.742939,43658308.23675159
addflowinc_libmicrohttpd2,norm,1326874906.3820791,70876903.47181538
roatis2_CS225,expon,0.0,5075589.281201035
nus-cs2103-AY1819S1_addressbook-level4,gamma,950.7709624972254,299152105.5773717
mat813_freebsd,powerlaw,1.046606710171246,739895603.9144036
redhat-openstack_openstack-puppet-modules,gamma,745.5145011021007,-516434005.773324
bcomdlc_bcom-homepage-archive,powerlaw,1.055456290760577,1330018637.798449
bcornielle_one_park_website,norm,1570281845.9961562,8229633.8476012
debiancn_debian.org,gamma,3.0584267224922703,887172167.4924688
theiuf_theiuf.github.io,powerlaw,1.3407280351582358,1594035482.8595324
thingles_micro.thingelstad.com,norm,1522523415.0118592,10067191.91353922
IonicaBizau_I-Love-Octocats,expon,1409722880.0,43126106.91056013
keybase_client,norm,1519336410.7398455,42726955.86179086
briggySmalls_skin-deep-server,gamma,18.697309628300758,1176045172.4350214
Alfro_illacceptanything,norm,1324233602.2171087,373159448.5240084
Reese-D_my_emacs,gamma,4415.729112587029,-4553366384.153149
joker-eph_clangllvm,powerlaw,8.245702641986446,-594352.733371986
se-edu_duke,powerlaw,1.061338842666383,1563202524.0425034
mycila_license-maven-plugin,norm,1280169732.5838819,67757655.79674388
scriptzteam_BitCoin-MemPool-Fees-v.1.1,powerlaw,0.9864160913837238,1527782542.9999998
gitlab.com_quicla_platform/external/v8,rayleigh,1459182215.3632143,68290036.73589855
zh99_www,norm,1542788526.8318079,6524787.615914677
everypolitician-scrapers_russia-duma-2016,exponpow,0.9510164058269487,1476344178.9999998
macports_macports-ports,powerlaw,1.585426543777122,1019320053.4107053
kumarrakesh_test,rayleigh,1523975120.8015716,3125567.3614366306
mapr_hadoop-common,rayleigh,1259687656.321508,130763081.76298574
dspinellis_linux-history-repo,lognorm,10.034469250242097,959130899.9999998
WangKiven_android-development,powerlaw,1.6068800851232268,1208612696.9643216
jbosstools_jbosstools-base,gamma,10.990199077333124,1026190354.2057234
OPS-E2E-PPE_E2E_DocsBranch_Dynamic,powerlaw,0.9078918461038452,1487049648.9999998
gatsbyjs_gatsby,cauchy,1556136490.447054,21305635.578623198
zteeed_Github-Drawings-tmp,cauchy,1552359722.024898,140506.52198660607
PreMiD_Strings,cauchy,1584462311.036199,1474243.9327888733
kszr_cs225-fa12-mp7,expon,0.0,14303173.702858366
RhXKGxbwQHmTREDU_test,gamma,1.5796615844853834,1570328747.5163088
hakimel_reveal.js,gamma,67195.39062297973,-17903603843.07821
barryclark_jekyll-now,norm,1496392047.334206,64706052.907061756
d12_test,rayleigh,1547992452.3895352,492548.7331566735
whsieh2_CS225,expon,0.0,76872262.04733057
python-git_python,norm,1062953158.4152346,130687341.42030343
5john_5john,powerlaw,1.2886095444496763,1569729735.4466054
akka_akka,rayleigh,1229240954.0835228,147209866.6537401
ros-gbp_ros_comm-release,powerlaw,0.7354569280477496,1348885826.9999998
JackDanger_autodeployer,rayleigh,1497980445.7014592,6968605.378188898
gitlab.com_quicla_platform/external/skia,powerlaw,3.897564050415479,1158529710.936781
rhos-infra_InfraRed,rayleigh,1455983982.1430757,64361625.00678168
brad-lewis_openzfs,powerlaw,1.1487896843386076,1118718967.519106
tmtmtmtm_mexico-diputados,lognorm,0.20123848285780754,1432671385.7988873
x9mdwe5q_ncovlog,powerlaw,1.2397416512731176,1580204992.8324518
adhikari18_repo,gamma,20.81137704358679,1466537894.3115444
yjtdh_ma_resub,gamma,94.27105714280029,1537590706.6127248
simonAllier_sosie-exp,cauchy,1426172757.8842149,10729868.268119933
sourceforge.net_glibc-kopensolaris,norm,968462017.1435806,125799567.24950467
rashadkm_grass_cmake,norm,1246183034.9997373,132549175.98418534
openstack_nova,gamma,110.96441608501718,649794370.8992591
lunar-linux_moonbase-other,gamma,4.805121120832895,962018003.2640517
parkr_status,norm,1557316279.3154607,33643187.44715282
ssbattousai_Cuda14,powerlaw,0.8627620262089626,1458836954.9999998
apache_karaf,rayleigh,1129626023.6252172,175987351.71842474
opendaylight_mdsal,gamma,482.8073194571841,485436472.08230996
nx111_enigma2,powerlaw,2.2928496164564516,1054375166.219671
learn-co-students_javascript-arrays-bootcamp-prep-000,gamma,490.60971807112173,775978149.4866829
apache_ignite,norm,1510987850.201598,59886328.862361245
dreamsxin_zabbix,norm,1326195987.781999,87062073.50774765
UCSF-HPC_wynton-slash2,gamma,503.5171520762942,1350370573.9309359
joyent_pkgsrc-legacy,norm,1254587450.0915883,166098555.29000497
gitlab.com_vgrteam_what-a-dev,cauchy,1546390333.4474943,903506.8515553115
influxdata_telegraf,norm,1532224547.7363067,42627732.11624455
happysimon123_learngit,powerlaw,1.4637381199651829,1563975289.956214
kkjeer_bot-test,cauchy,1599651603.0716257,6771481.358785246
helm_charts,norm,1548958546.2850986,28732209.970488854
unicode-org_icu,powerlaw,0.8486939627074693,934840251.9999999
Slicer_SlicerGitSVNArchive,cauchy,1310282004.251346,57649359.034532115
angular_angular,norm,1521257411.963397,51586234.27116091
apache_incubator-mxnet,gamma,583.2613013313094,526904909.2738415
buildroot_buildroot,powerlaw,2.4406601852917893,945215649.5137359
git.kernel.org_pub_scm/public-inbox/vger.kernel.org/lkml/3,powerlaw,1.1012173485088772,1357131131.1443605
easylist_easylist,powerlaw,0.9793595173996616,1259528358.9999998
zsxs2_zs,gamma,1.941740129363767,1534853144.9153755
jgallagher59701_DAP4-schema,rayleigh,1082067990.5798738,112895484.01322572
git.kernel.org_pub_scm/public-inbox/vger.kernel.org/stable/0,powerlaw,2.499198787728843,1291056503.0168152
bharath1995_trunk,rayleigh,996252790.0458423,171328887.47909492
git.kernel.org_pub_scm/public-inbox/vger.kernel.org/lkml/0,powerlaw,2.376420764155105,881617707.5404491
moceap_scribus-1,powerlaw,5.1315256981906465,756401350.8420651
